version,date,/referrer-policy,/css/CSS2,/css/css-writing-modes,/html,/css/css-text,/css/css-shapes,/css/css-multicol,/webdriver,/css/css-transforms,/encoding,/encoding-detection,/css/vendor-imports,/css/motion,/css/css-grid,/css/css-scroll-snap,/mixed-content,/css/css-color,/css/css-contain,/webaudio,/svg,/webstorage,/custom-elements,/css/css-transitions,/css/css-masking,/css/css-scroll-anchoring,/css/cssom-view,/streams,/wasm,/css/css-overflow,/css/css-fonts,/css/css-sizing,/css/css-animations,/upgrade-insecure-requests,/fetch,/css/css-position,/css/filter-effects,/css/css-text-decor,/css/css-backgrounds,/css/css-logical,/domxpath,/IndexedDB,/2dcontext,/feature-policy,/resource-timing,/encrypted-media,/css/css-pseudo,/media-source,/webmessaging,/workers,/css/css-box,/websockets,/webrtc,/css/css-scoping,/pointerevents,/preload,/css/css-lists,/mediacapture-streams,/css/css-tables,/mathml,/css/css-ui,/content-security-policy,/server-timing,/FileAPI,/performance-timeline,/web-animations,/css/WOFF2,/webgl,/cookies,/css/css-shadow-parts,/webvr,/import-maps,/css/css-flexbox,/css/css-align,/infrastructure,/mediacapture-record,/webauthn,/css/css-values,/css/css-images,/navigation-timing,/loading,/css/css-overscroll-behavior,/service-workers,/resize-observer,/css/css-content,/dom,/element-timing,/css/selectors,/uievents,/webvtt,/compat,/css/cssom,/mediasession,/css/css-cascade,/css/css-variables,/xhr,/WebCryptoAPI,/css/css-regions,/media-capabilities,/css/compositing,/css/css-easing,/origin-policy,/quirks,/cors,/fullscreen,/css/mediaqueries,/css/css-syntax,/user-timing,/pointerlock,/css/css-conditional,/css/css-will-change,/hr-time,/domparsing,/css/css-break,/editing,/page-visibility,/geolocation-sensor,/apng,/push-api,/css/geometry,/css/css-font-loading,/wake-lock,/event-timing,/signed-exchange,/secure-contexts,/notifications,/css/css-display,/WebIDL,/permissions,/css/css-color-adjust,/credential-management,/speech-api,/worklets,/web-locks,/shadow-dom,/url,/console,/orientation-event,/inert,/beacon,/storage,/client-hints,/battery-status,/clipboard-apis,/css/css-layout-api,/intersection-observer,/requestidlecallback,/vibration,/media-playback-quality,/touch-events,/picture-in-picture,/reporting,/payment-handler,/mimesniff,/mst-content-hint,/timing-entrytypes-registry,/xslt,/background-fetch,/input-events,/webrtc-extensions,/css/css-inline,/screen-orientation,/clear-site-data,/document-policy,/scroll-to-text-fragment,/selection,/shape-detection,/screen-capture,/old-tests,/cookie-store,/gamepad,/network-error-logging,/js,/eventsource
12.1,2019-01-01,193.5,852,291.6666666666667,193.78176179691013,118.06666666666666,86.29629629629629,97.79166666666667,46.58159545181306,23.38452380952381,104.46107621573694,0,89,5.581766917293233,63.0411877394636,0.13157894736842105,45,40.85819318881437,73,78.88494293279032,43.5043341503268,21.25,4.368899846841023,5.702976190476189,19.43954248366013,0,9.941427540916031,20.986247839039088,50.79109877669197,1,28.134556789862387,0,4.448416217928413,0.5,38.45219891369156,21.65,22.554808270528795,1.3125,6.833333333333333,1.3246753246753247,0.10989010989010989,13.427225342225343,39.64028185304565,21.471080964685616,2.7278082541240427,13.138403467757648,1.1142857142857143,14.213199311463528,16.333333333333332,48.38409676114324,0,36.16666666666667,11.01043983285974,12.642857142857142,5.882823590140664,10.5,3,14.736346166373528,9.544949494949496,2,16.404761904761905,85.3645680023994,7.297476475620188,13.498497150828548,4.929606625258799,3.9017126993019056,5,1.2944844124700239,7.85594931384405,0,4.23404255319149,0,25.25815850815851,0,5.098484848484849,1.6992753623188406,4.561422346716465,5.469072164948454,3,20.285714285714285,0,0,22.218995380580143,0,0,7.710603456029468,0,4.384920634920634,0.2608108108108108,13.234848484848484,2.333333333333333,11.991569255856145,0,1.275531914893617,1.9992948151421417,12.428943397845837,1.8114239996959889,0,0.30219780219780223,1,0,0,1.5284090909090908,3.3625,8.583333333333332,3.0300261096605743,0,1.5364936849965294,0.5952380952380952,2.6044226044226044,0,4.7023809523809526,2.547794117647059,1.1388888888888888,5.974309485336637,3,0,1,2.9161585365853657,0.4246363699193888,1.294871794871795,0,0.875,2,3.1666666666666665,2.2563315356530644,4,0.4303030303030303,0.8064516129032258,0,0.9117647058823529,1.2533783783783783,0,0.5625,3.4047619047619047,3.2418637651574245,0,2.3974358974358974,0,0.5,13.277777777777779,0.5,0.5,0.6284722222222222,0,0,11.75,2.475,0,1.425,0.07317073170731707,0.16363636363636364,0.26666666666666666,0.4008962294347353,0.5428571428571429,0,0,0.1590909090909091,0,0,0.1875,2.9130434782608696,1.9166666666666667,0,0,16.41976334200541,0,0.03333333333333333,6.04,0,0.02702702702702703,1,1,12
74 preview,2019-01-29,520.3472222222222,853,291.6666666666667,223.28677215212568,120.35833333333333,87.29629629629629,98.79166666666667,77.14443014798108,38.60756302521009,104.42855873321946,0,85,5.581766917293233,65.71681799156445,0.13157894736842105,45,25.697038333171317,73,79.70230194790844,44.5043341503268,21.48448275862069,4.368899846841023,5.713614488348529,21.43954248366013,9,10.243447742936233,20.986247839039088,48.11751315515238,1.4722222222222223,28.249410234455503,1.5,4.448416217928413,2.5,36.483804508336725,27.650000000000002,20.554808270528795,1.3125,6.833333333333333,2.1428571428571423,0.10989010989010989,5.387066052227343,15.640281853045654,9.077777777777778,3.6160557960557953,13.133641562995743,1.1142857142857143,17.48805311263312,16.333333333333332,50.07662549677543,0,36.16666666666667,4.299530003954556,12.642857142857142,12.843537875854949,10.5,6,3.0686274509803924,10.044949494949496,2,15.477436323366556,85.03123466906605,7.297476475620188,13.331830484161882,4.885311871227364,3.8932415438042507,5,1.2944844124700239,7.85594931384405,0,4.23404255319149,0,28.25815850815851,0,5.098484848484849,1.6992753623188406,4.561422346716465,6.469072164948454,3,20.285714285714285,0,0,19.127725539310298,0,0,9.71059030471039,0,4.384920634920634,0.2608108108108108,14.234848484848484,2.333333333333333,12.491569255856145,0,1.2773684210526315,1.9347786861098837,12.38263258827775,1.8004349887069777,2,0.30219780219780223,2,0,0,1.6484848484848484,3.3625,8.583333333333332,5.2831589417407745,1.7529850746268656,1.3973231780840871,0.5952380952380952,2.4593301435406696,0,4.7023809523809526,2.547794117647059,1.25,5.974309485336637,3,0,1,2.9161585365853657,0.4246363699193888,1.294871794871795,0,0.875,0,3.1666666666666665,2.2563315356530644,4,0.4303030303030303,0.8064516129032258,0,0.9117647058823529,1.2533783783783783,0,0.5625,3.4047619047619047,3.2418637651574245,0,2.3974358974358974,0.3333333333333333,0.5,12.444444444444445,0.5,0.5,0.5729166666666666,0,0,12.75,2.475,0,1.425,0,0.16363636363636364,0.26666666666666666,0.4008962294347353,0.14285714285714285,0,0,0.1590909090909091,0.45652173913043476,0,0.1875,2.9130434782608696,1.9166666666666667,0,0,16.41976334200541,0,0,6.04,0,0.02702702702702703,1,1,12
75 preview,2019-02-08,509.34722222222223,853,291.6666666666667,218.9890563415188,120.35833333333333,87.29629629629629,97.79166666666667,83.1878291134815,24.43233082706767,104.42855873321946,0,86,5.581766917293233,66.81681799156445,0.13157894736842105,45,23.697038333171317,73,80.3565847136463,44.5043341503268,21.48448275862069,13.368899846841023,5.702976190476189,20.43954248366013,16,8.685871985360476,20.21155485658295,49.86037029800952,1.4722222222222223,28.267758858308714,2,4.448416217928413,2.5,35.62666165119386,21.65,21.554808270528795,1.3125,6.833333333333333,2.1428571428571423,0.10989010989010989,13.421936182097474,15.640281853045654,9.077777777777778,3.6160557960557953,13.133641562995743,1.1142857142857143,15.82431042257464,16.333333333333332,57.91376835391828,0,36.16666666666667,5.55437579455886,12.642857142857142,10.501871209188282,10.5,6,3.0686274509803924,9.544949494949496,2,15.477436323366556,85.03123466906605,7.297476475620188,12.474687627019025,4.885311871227364,3.8932415438042507,5,1.2944844124700239,7.825646283541021,0,4.23404255319149,0,28.25815850815851,2,5.098484848484849,1.6992753623188406,4.561422346716465,7.5599812558575445,3,19.28813559322034,0,0.6,24.42177315835792,0,0,10.71059030471039,2,4.384920634920634,0.2608108108108108,13.234848484848484,2.333333333333333,12.491491655540102,0,2.2773684210526315,1.9347786861098837,12.355605561250721,1.8334020216740108,2,0.2979242979242979,2,0,0,2.6484848484848484,3.3625,8.583333333333332,3.283158941740775,1.7529850746268656,1.7723231780840871,0.5952380952380952,2.4593301435406696,0,4.7023809523809526,2.3811274509803924,1.1388888888888888,5.974309485336637,3,0,1,2.9161585365853657,0.4246363699193888,1.3076923076923077,0,0.875,0,3.1666666666666665,2.2563315356530644,4,0.4303030303030303,0.8064516129032258,0,0.9117647058823529,1.2533783783783783,0,0.5625,3.4047619047619047,3.2418637651574245,0,2.3974358974358974,0,0.55,13.277777777777779,0.5,0.5,0.5880681818181819,0,0,12.75,2.475,0,1.425,0,0.16363636363636364,0.26666666666666666,0.4008962294347353,0.14285714285714285,0,0,0.1590909090909091,0.45652173913043476,0,0.1875,2.9130434782608696,1.9166666666666667,0,0,16.41976334200541,0,0.03225806451612903,6.04,0,0.02702702702702703,1,1,12
76 preview,2019-02-21,511.34722222222223,857,362.6666666666667,219.58981151234116,121.35833333333333,87.29629629629629,100.79166666666667,80.45269397834636,25.984962406015036,105.79262799728872,0,86,5.581766917293233,67.81681799156445,0.631578947368421,45,23.697038333171317,73,80.17968049041855,44.7043341503268,21.48448275862069,14.668899846841024,6.381696428571429,20.43954248366013,19,8.685871985360476,20.21155485658295,52.13756789065334,1.4722222222222223,28.3494936372912,2,4.448416217928413,2.5,34.92752839008877,22.15,21.554808270528795,1.3125,6.833333333333333,2.1428571428571423,0.10989010989010989,13.27907903924033,15.640281853045654,9.077777777777778,3.6117700817700817,13.133641562995743,1.1142857142857143,15.713199311463528,16.133333333333333,57.91376835391828,0,36.16666666666667,5.730199970383037,12.642857142857142,10.501871209188282,0.5,6,3.0686274509803924,9.544949494949496,2,15.477436323366556,85.53123466906605,7.297476475620188,13.138848028021531,4.885311871227364,4.0360986866613935,5,1.2944844124700239,7.85594931384405,0,4.23404255319149,2.3833333333333333,27.25815850815851,3,5.098484848484849,1.6992753623188406,4.561422346716465,7.7266479225242115,3,18.28813559322034,0,0.6,26.115738675599303,0,0,10.71059030471039,3,4.384920634920634,1.0941441441441442,13.234848484848484,2.333333333333333,12.491491655540102,0,2.2773684210526315,1.9347786861098837,12.31281276845793,1.7904130106849998,1,0.2979242979242979,2,0,0,2.6484848484848484,3.3625,8.583333333333332,3.283158941740775,2.7529850746268654,1.3973231780840871,0.5952380952380952,2.4593301435406696,0,4.7023809523809526,2.205688854489164,1.1388888888888888,5.974309485336637,3,0,1,2.9161585365853657,0.4246363699193888,1.3076923076923077,0,0.875,0,3.1666666666666665,2.2563315356530644,4,0.4303030303030303,0.8064516129032258,0,0.9117647058823529,1.2533783783783783,0,0.5625,3.4047619047619047,3.2418637651574245,0,2.3974358974358974,0,0.5,13.277777777777779,0.5,0.5,0.60625,0,0,12.75,2.475,0,1.425,0.06976744186046512,0.16363636363636364,0.26666666666666666,0.4008962294347353,0.14285714285714285,0,0,0.1590909090909091,0.3127035830618892,0,0.1875,2.9130434782608696,1.9166666666666667,0,0,16.41976334200541,0,0,6,0,0.02702702702702703,1,1,12
77 preview,2019-03-07,518.3472222222222,858,362.6666666666667,216.5028990313432,121.35833333333333,87.29629629629629,100.79166666666667,9.2817977915804,27.984962406015036,105.79262799728872,0,87,5.581766917293233,66.81681799156445,0.631578947368421,45,23.697038333171317,72.63636363636364,39.41156815017548,44.21028653127918,21.48448275862069,22.668899846841025,17.13251332001332,23.43954248366013,20,8.685871985360476,20.20201066816399,52.13756789065334,1.4722222222222223,28.36784226114441,2,14.012041675158523,2.5,34.88467124723162,22.15,21.554808270528795,1.3125,6.833333333333333,2.4553571428571423,0.10989010989010989,13.755269515430806,15.681098179576267,8.744444444444444,2.6517700817700818,13.133641562995743,1.1142857142857143,11.102088200352418,16.333333333333332,59.72329216344209,0,35.16666666666667,0.08666666666666667,13.642857142857142,10.501871209188282,0.5,6,0.23529411764705882,9.544949494949496,2,15.477436323366556,85.44790133573272,7.297476475620188,13.75789564706915,4.885311871227364,4.252816952915264,5,1.2944844124700239,7.85594931384405,0,4.23404255319149,2.9433333333333334,29.25815850815851,3,5.098484848484849,0.3333333333333333,4.561422346716465,7.7266479225242115,3,20.28813559322034,0,0.6,25.1407386755993,0,0,12.710590304710392,3,4.384920634920634,1.0941441441441442,18.234848484848484,2.333333333333333,12.491491655540102,0,2.2773684210526315,1.9347786861098837,12.819119074764238,1.8222531705251597,2,0.2979242979242979,2,0,0,2.6484848484848484,3.3625,8.583333333333332,3.283158941740775,2.7529850746268654,1.3634248729993412,0.5952380952380952,2.4593301435406696,0,4.7023809523809526,2.296597945398255,1.1388888888888888,5.974106847897795,3,0,1,2.9161585365853657,0.4246363699193888,1.3076923076923077,0,0.875,0,3.1666666666666665,2.2563315356530644,4,1.2787878787878788,0.8064516129032258,0,0.9117647058823529,1.2533783783783783,0,0.5625,3.4047619047619047,3.2418637651574245,0,2.3974358974358974,0,0.5,13.277777777777779,0.5,0.5,0.60625,1,0,12.75,2.475,0,1.425,0.06976744186046512,0.16363636363636364,0.26666666666666666,0.4008962294347353,0,0,0,0.1590909090909091,0.3127035830618892,0,0.1875,2.8130434782608695,1.9166666666666667,0,0,16.41976334200541,0,0,6.04,0,0.02702702702702703,1,1,12
78 preview,2019-03-23,510.34722222222223,861,362.6666666666667,231.5633708365333,124.35833333333333,87.29629629629629,101.79166666666667,84.32045697944271,42.98496240601504,105.79262799728872,0,86,5.581766917293233,67.33196950671596,0.631578947368421,45,25.697038333171317,72.63636363636364,81.27862058058673,44.21028653127918,21.48448275862069,26.668899846841025,17.33251332001332,25.43954248366013,21,8.689824554530437,19.40201066816399,52.14867900176445,1.4722222222222223,28.358667949217804,2,14.900930564047412,2.5,34.436619299179675,28.150000000000002,33.554808270528795,2.3125,6.833333333333333,2.4553571428571423,0.10989010989010989,13.573846447669979,15.443002941481028,9.077777777777778,6.596214526214527,13.133641562995743,1.1142857142857143,16.98805311263312,16.333333333333332,63.22329216344209,0,36.16666666666667,7.152706102271319,13.642857142857142,4.802380952380952,0.5,6,2.8333333333333335,10.044949494949496,2,15.477436323366556,84.44790133573272,7.297476475620188,13.974687627019025,4.885311871227364,4.183857968355256,5,1.2944844124700239,7.85594931384405,0,4.23404255319149,2.9833333333333334,31.25815850815851,3,5.098484848484849,1.6992753623188406,2.666666666666667,9.726647922524212,3,22.28813559322034,0,0.6,24.508833258462715,0,0,12.710590304710392,2,4.384920634920634,1.0941441441441442,14.234848484848484,2.333333333333333,12.491491655540102,0,2.2773684210526315,1.9347786861098837,13.619119074764237,1.8441512724232616,2,0.2979242979242979,2,0,0,2.6484848484848484,3.1125,8.583333333333332,5.28262001156738,2.7529850746268654,1.7723231780840871,0.5952380952380952,2.4593301435406696,0,4.7023809523809526,2.2887032085561496,1.25,5.974106847897795,3,0,1,2.9161585365853657,0.4246363699193888,1.3076923076923077,0,0.875,0,3.1666666666666665,2.2563315356530644,4,1.2787878787878788,0.8064516129032258,0,0.9117647058823529,0.9198430493273543,0,0.5625,3.4047619047619047,3.2418637651574245,0,2.3974358974358974,0,0.6,12.777777777777779,0.5,0.5,0.4772727272727273,0,0,12.75,2.475,0,1.425,0.06976744186046512,0.16363636363636364,0.26666666666666666,0.4008962294347353,0.14285714285714285,0,0,0.1590909090909091,0.24104234527687296,0,0.1875,2.8130434782608695,1.9166666666666667,0,0,16.41976334200541,0,0,6.04,0,0.02702702702702703,1,1,12
79 preview,2019-04-04,513.3472222222222,863,362.6666666666667,240.01521743793103,125.35833333333333,87.29629629629629,101.79166666666667,86.3248220588078,42.98496240601504,105.79262799728872,0,93,5.581766917293233,69.08954526429171,0.631578947368421,45,25.697038333171317,79.63636363636364,81.79290629487244,45.21028653127918,21.48448275862069,26.668899846841025,17.084894272394273,25.43954248366013,21,8.776781076269568,20.18058209673542,58.81534566843112,1.4722222222222223,28.38619088499762,2,14.812041675158524,2.5,33.70328596584634,29.150000000000002,33.554808270528795,2.3125,6.833333333333333,2.4553571428571423,0.10989010989010989,9.547179781003308,15.681098179576267,9.077777777777778,5.596214526214527,13.133641562995743,1.1142857142857143,16.65471977929979,17.333333333333332,63.22329216344209,0,36.16666666666667,8.25429340385862,13.642857142857142,5.385714285714286,1.5,6,2.8333333333333335,11.044949494949496,2,15.51232004429679,85.75263921069768,7.297476475620188,14.64135429368569,4.87122736418511,4.272637924782272,5,1.2944844124700239,7.85594931384405,0,4.23404255319149,4.983333333333333,31.25815850815851,4.142857142857142,5.098484848484849,1.6992753623188406,4.495112781954887,9.726647922524212,3,22.28813559322034,0,0.6,24.139785639415095,0,0,12.829801591922568,2,4.384920634920634,2.427477477477477,15.234848484848484,2.333333333333333,12.491491655540102,0,2.277310924369748,1.9347786861098837,12.685053140698303,1.8334020216740108,2,0.2979242979242979,2,0,0,2.6869463869463868,3.3625,8.583333333333332,5.28262001156738,2.7529850746268654,1.7723231780840871,0.5952380952380952,2.4593301435406696,0,4.7023809523809526,2.2887032085561496,1.25,5.974106847897795,3,0,1,2.9161585365853657,0.4246363699193888,1.3076923076923077,0,0.875,0,3.1666666666666665,2.2563315356530644,4,1.2787878787878788,0.8064516129032258,0,0.9117647058823529,0.9198430493273543,0,0.5625,3.4047619047619047,3.2418637651574245,0,2.3974358974358974,0,0.5,12.777777777777779,0.5,0.5,0.4772727272727273,0,0,12.75,2.475,0,1.425,0,0.16363636363636364,0.26666666666666666,0.4008962294347353,0.14285714285714285,0,0,0.1590909090909091,0.24104234527687296,0,0.1875,2.8130434782608695,1.9166666666666667,0,0,16.41976334200541,0,0,6.04,0,0.02702702702702703,1,1,12
80 preview,2019-04-18,449.34722222222223,864,362.6666666666667,237.64822204443425,126.35833333333333,87.29629629629629,101.79166666666667,87.64970023231967,43.98496240601504,107.17772477148227,0,96,5.581766917293233,69.08954526429171,8.509032049821524,45,25.697038333171317,83.63636363636364,82.07862058058674,46.01028653127917,21.48448275862069,25.668899846841025,17.284894272394272,25.43954248366013,21,10.813818113306604,20.18058209673542,58.853606537996335,1.4722222222222223,28.33114501343799,2,15.012041675158523,1.5,35.73350574606612,29.150000000000002,33.554808270528795,2.3125,6.833333333333333,2.4553571428571423,0.10989010989010989,9.547179781003308,15.681098179576267,9.077777777777778,6.8819288119288125,13.133641562995743,1.1142857142857143,17.48805311263312,17.333333333333332,63.22329216344209,0,36.16666666666667,7.6591344977241045,13.642857142857142,5.385714285714286,0.5,6,2.8333333333333335,11.044949494949496,2,15.51232004429679,85.41930587736435,2,14.624809580145254,7.227364185110663,4.297186638526097,5,1.2944844124700239,7.85594931384405,0,4.23404255319149,4.983333333333333,31.25815850815851,4.442002442002441,5.098484848484849,1.6992753623188406,4.495112781954887,9.726647922524212,3,20.28813559322034,0,0.6,23.939785639415092,0,0,11.565928032909618,2,3.384920634920635,2.427477477477477,14.234848484848484,2.333333333333333,12.491491655540102,0,2.2769709543568464,1.9347786861098837,14.76197621762138,1.8224130106849998,2,0.2979242979242979,2,0,0,2.6869463869463868,3.1875,8.583333333333332,5.28262001156738,2.2529850746268654,1.3973231780840871,0.5952380952380952,2.4593301435406696,0,4.7023809523809526,1.1988636363636362,1.25,5.974106847897795,3,0,1,2.9161585365853657,0.4246363699193888,1.3076923076923077,0,0.875,0,3.1666666666666665,2.2563315356530644,4,1.2787878787878788,0.8064516129032258,0,0.9117647058823529,1.0909940209267563,0,0.5625,3.4047619047619047,3.2379565223330027,0.4,2.3974358974358974,0,0.5,12.777777777777779,0.5,0.5,0.4772727272727273,0,0,12.75,2.475,0,1.425,0.06976744186046512,0.16363636363636364,0.26666666666666666,0.2574858027878162,0.14285714285714285,0,0,0.1590909090909091,0.24104234527687296,0,0.1875,2.8130434782608695,1.9166666666666667,0,0,16.41976334200541,0,0,6.04,0,0.02702702702702703,1,1,12
81 preview,2019-05-02,408.0138888888889,865,362.6666666666667,242.6853515815638,126.35833333333333,87.29629629629629,101.79166666666667,92.79257633923086,43.98496240601504,106.03686762862512,0,95,5.581766917293233,69.08954526429171,11.147668413457888,45,25.697038333171317,90.63636363636364,83.8072135540657,46.01028653127917,21.48448275862069,26.668899846841025,23.834894272394276,25.43954248366013,21,11.813818113306604,20.18058209673542,58.853606537996335,1.4722222222222223,28.340319325364597,2,15.012041675158523,1.5,35.87636288892327,7.883333333333333,33.554808270528795,3.0438432835820897,6.833333333333333,2.4553571428571423,0.25274725274725274,9.547179781003308,15.681098179576267,9.077777777777778,8.937484367484366,13.133641562995743,1.1142857142857143,16.48805311263312,17.333333333333332,63.22329216344209,0,36.16666666666667,9.694682283271892,13.642857142857142,4.385714285714286,0.5,7,3.0686274509803924,11.044949494949496,2,15.51232004429679,84.91930587736435,2,14.624809580145254,8.227364185110662,4.296963859355949,5,1.2944844124700239,8.522615980510718,0,4.23404255319149,4.983333333333333,31.25815850815851,3.299145299145299,5.098484848484849,1.6992753623188406,4.495112781954887,10.126647922524212,3,23.28813559322034,0,0.6,23.939785639415092,4.168194550547492,0,11.565928032909618,3,3.384920634920635,2.7608108108108107,14.234848484848484,2.333333333333333,12.491491655540102,0,2.2769709543568464,1.9347786861098837,13.484949190594351,1.8224130106849998,2,0.2979242979242979,2,0,0,2.6869463869463868,2.6875,8.583333333333332,5.28262001156738,2.2529850746268654,1.7384248729993412,0.5952380952380952,2.4593301435406696,0,4.7023809523809526,1.1988636363636362,1.25,5.977428085366273,3,0,1,2.9161585365853657,0.4246363699193888,1.3076923076923077,0,0.875,0,3.1666666666666665,2.2563315356530644,4,1.2787878787878788,0.8064516129032258,0,0.9117647058823529,1.0909940209267563,0,0.5625,3.4047619047619047,3.2379565223330027,0.4,2.3974358974358974,0,0.5,12.777777777777779,0.5,0.5,0.4772727272727273,0,0,12.75,2.475,0,1.425,0,0.16363636363636364,0.26666666666666666,0.2574858027878162,0.14285714285714285,0,0,0.1590909090909091,0.24104234527687296,0,0.1875,2.8130434782608695,1.9166666666666667,0,0,16.41976334200541,0,0,6.04,0,0.02702702702702703,1,1,12
82 preview,2019-05-16,408.0138888888889,865,362.6666666666667,245.59066512762053,131.29166666666669,87.91411060564286,101.33333333333333,95.61387263552717,43.98496240601504,106.03686762862512,0,95,9.581766917293232,69.02057974705033,11.834271284271285,45,25.697038333171317,92.66200466200466,84.37334812734315,39.834976751051734,21.48448275862069,29.53556651350769,23.201560939060943,25.428571428571427,21,11.776781076269568,20.18058209673542,58.853606537996335,15.222222222222221,28.191509957136265,3,15.956486119602967,1.5,35.07636288892326,8.833333333333334,31.985760651481176,2.7313432835820897,6.833333333333333,2.4553571428571423,0.25274725274725274,9.547179781003308,15.681098179576267,9.077777777777778,7.977484367484368,13.133641562995743,1.1142857142857143,17.512985361955614,17.333333333333332,63.22329216344209,0,35.16666666666667,10.302581069219457,13.642857142857142,3.3857142857142852,0.5,7,3.0686274509803924,11.044949494949496,2,15.440891472868216,85.16568268895855,2,14.624809580145254,8.227364185110662,4.296963859355949,5,1.2944844124700239,9.022615980510718,0,4.23404255319149,4.983333333333333,32.25815850815851,3.299145299145299,5.098484848484849,1.6992753623188406,4.495112781954887,10.126647922524212,3,23.28813559322034,0,0.6,20.40645230608176,3.814659197012138,0,11.565928032909618,4,3.384920634920635,2.7608108108108107,15.234848484848484,2.333333333333333,14.20509706031935,0,2.2769709543568464,2.9347786861098837,13.389711095356255,1.8334020216740108,2,0.2979242979242979,2,0,0,2.6869463869463868,3.1875,8.583333333333332,5.28262001156738,2.2529850746268654,1.3973231780840871,0.5952380952380952,2.4593301435406696,0,4.7023809523809526,1.1929347826086956,2.333333333333333,6.030781743902859,3,0,1,2.9161585365853657,0.4246363699193888,1.3076923076923077,0,0.875,0,3.1666666666666665,2.2563315356530644,5,1.2303030303030302,0.8064516129032258,0,0.9117647058823529,1.0909940209267563,0,0.5625,3.4047619047619047,3.2379565223330027,1.2000000000000002,2.3974358974358974,0,0,12.777777777777779,0.5,0.5,0.4772727272727273,0,0,12.75,2.475,0,1.425,0.06976744186046512,0.16363636363636364,0.26666666666666666,0.2574858027878162,0.14285714285714285,0,0,0.1590909090909091,0.24104234527687296,0,0,2.8130434782608695,1.9166666666666667,0,0,16.41976334200541,0,0,6.04,0,0.02702702702702703,1,1,12
94 preview,2019-10-17,739.8472222222222,773.4818181818182,446.40000000000003,265.509192700991,219.63906810035843,90.24290801790802,112.23167855536276,33.345197721881256,65.77850557139496,105.99280129481792,0,121,34.386081252871485,79.34168160416525,24.690772385509227,45,26.706842254739946,103.29836829836829,69.17518805544984,43.7759902335028,2.733898305084746,29.53556651350769,27.28565184815185,18.649526114135913,26,21.766714098392566,20.29735086436626,49.26432457239858,13,38.44735346134478,10.53443287037037,20.906925032541878,12,30.323230544769494,12.281116584564863,36.224905616269076,11.668644870883679,16.23469077807114,12.892244683421154,0.14285714285714285,19.940693901002945,16.01334926182735,20.50093735168486,15.840505809979495,3.464951950254381,2.1142857142857143,17.426250668078062,17.133333333333333,63.16264257752077,0.9641025641025642,36.16666666666667,10.703262916334921,6.642857142857142,12.348484848484848,0.5615384615384615,7.2,7.679166666666667,15.269949494949493,1,17.84741506715191,83.83118044855334,2,20.776035482746092,11.22504892367906,5.531867071477071,0,6.117965367965368,9.689282647177384,10.666666666666668,5.211340206185567,5.733333333333333,29.090004411408604,5.764195466369379,8.598484848484848,4.544914874551972,0.2777777777777778,7.429678225554514,4.504273504273504,22.278688524590166,3.5,1.7142857142857144,21.95488407560085,3.768650793650794,2.166666666666667,12.670269518107915,0,4.134920634920634,3.7606382978723403,14.234199134199134,2.333333333333333,12.325897066643098,0,2.291322314049587,4.071343311960224,14.63151400027678,1.8331622614342504,2,2.2932804232804234,2,1.8186813186813189,0,3.725407925407926,2.0625,10.215116279069768,5.282246756130833,2.2529850746268654,3.406589587350496,2.5454545454545454,3.383592017738359,0,4.467741935483871,1.1929347826086956,2.083333333333333,7.061264209609107,4,1,1,2.808104858104858,1.3715082059378836,1.2696629213483146,0,0.9090909090909091,0,3.270833333333333,2.1657929603320296,5,1.2303030303030302,1.5434782608695652,0.7058823529411765,0.21428571428571427,1.0897016011644833,0,0.8478260869565217,2.4047619047619047,3.69766889864374,0,1.9683544303797469,0,0,12.636363636363637,0.5,0.3684210526315789,0.4707070707070707,0,0,12.655172413793103,2.075,0.4,1.425,0.3880597014925373,0.16071428571428573,0.37142857142857144,0.2574858027878162,0.14285714285714285,0.25,0.1875,0.22916666666666666,0.3127035830618892,0,0.29444444444444445,2.7399999999999998,1.85,0,0.06666666666666667,16.390917188159257,0.03636363636363636,0,6.04,0,0.02127659574468085,1,1,12
95 preview,2019-10-30,739.8472222222222,773.4818181818182,442.40000000000003,267.0443519861502,223.91180555555556,90.5146564187609,112.23167855536276,33.7007532774368,70.19715331694147,105.99280129481792,0,128,39.54182294817504,79.8364105198279,24.690772385509227,45,5.963704999837983,103.29836829836829,69.17518805544984,54.2759902335028,2.733898305084746,29.53556651350769,27.330096292596295,28.139181286549707,26,22.809227178259256,20.29735086436626,49.26432457239858,13,39.17717271684842,10.53443287037037,20.906925032541878,12,31.673230544769492,12.238013136289,23.443467591988124,11.668644870883679,16.057310392689253,13.892244683421152,0.14285714285714285,19.940693901002945,16.346682595160683,20.50093735168486,13.173839143312827,3.464951950254381,2.2080357142857143,19.080840040058742,17.933333333333334,64.02418103905923,2.3113247863247866,36.16666666666667,10.828262916334921,6.642857142857142,11.348484848484848,1.5615384615384615,7.2,8.679166666666669,15.269949494949493,1,18.84741506715191,83.83118044855334,2,20.776035482746092,11.22504892367906,5.500121039731039,0,6.117965367965368,9.689282647177384,0,5.211340206185567,5.733333333333333,29.769123420439207,5.764195466369379,8.598484848484848,4.544914874551972,0.2777777777777778,7.293314589190877,5.504273504273504,22.278688524590166,3.5,1.7142857142857144,22.288217408934184,3.768650793650794,2.166666666666667,13.045269518107915,0,4.134920634920634,3.7606382978723403,14.234199134199134,3.333333333333333,12.325897066643098,0,2.291407867494824,4.071343311960224,14.63151400027678,1.8224130106849998,2,2.4232804232804233,3,1.8186813186813189,0,3.725407925407926,2.0625,10.215116279069768,5.282246756130833,2.2529850746268654,3.781589587350496,2.5454545454545454,3.383592017738359,0,4.467741935483871,1.1929347826086956,2.083333333333333,7.059063914921429,4,1,1,2.808104858104858,1.3715082059378836,2.2696629213483144,0,0.9090909090909091,0,3.270833333333333,2.1657929603320296,5,1.2303030303030302,1.5434782608695652,0.7058823529411765,0.21428571428571427,1.0897016011644833,0,0.8478260869565217,2.4047619047619047,3.697319704912193,0,1.9683544303797469,0.8,0,12.636363636363637,0.5,0.3684210526315789,0.4707070707070707,0,0,12.655172413793103,2.075,0.4,1.425,0.3880597014925373,0.14754098360655737,0.3611111111111111,0.2574858027878162,0.14285714285714285,0.25,0.1875,0.22916666666666666,0.3127035830618892,0,0.29444444444444445,2.7399999999999998,1.85,0,0.06666666666666667,16.390917188159257,0.03636363636363636,0,6.04,0,0.02127659574468085,1,1,12
96 preview,2019-11-26,739.8472222222222,776.3272317772318,445.40000000000003,271.9486604696885,280.2451388888889,90.5146564187609,112.23167855536276,34.6075434008936,69.78212063720291,105.33151097223725,0,130,39.54182294817504,92.01887239346622,32.19077238550923,45,6.220649444282428,103.29836829836829,65.7948609245975,58.14265690016947,2.733898305084746,30.497080000021178,29.489235764235765,29.139181286549707,28,25.54930654333862,6.032987845487845,40.94632286879315,14,40.675235917663905,10.53443287037037,20.319046244663088,16,23.843632478332832,12.311183867996316,23.443467591988124,11.668644870883679,17.261546030469194,13.877720873897344,0.14285714285714285,15.863693659281894,16.346682595160683,18.834270685018193,12.840505809979495,2.464951950254381,2.4149322660098522,19.537361779189172,18.133333333333333,55.2213207384403,2.3113247863247866,35.16666666666667,12.77063579802978,6.690476190476191,11.166666666666666,1.0615384615384615,13.36,8.679166666666669,17.269949494949493,1,18.84741506715191,78.52398347885637,1,19.918892625603235,10.266144814090019,6.5201998388359925,0,6.117965367965368,14.522615980510716,0,0,5.783333333333333,31.769123420439207,5.764195466369379,5.181818181818182,4.544914874551972,0,8.293314589190878,6.419367843896146,22.278688524590166,3.5,1.7142857142857144,21.711294332011104,3.250793650793651,2.166666666666667,12.050100435982312,0,4.134920634920634,4.76063829787234,16.234199134199134,4.333333333333333,14.242563733309764,0,2.2910958904109586,4.071343311960224,12.983252241585575,2.3966095958715883,2,2.204761904761905,3,1.8186813186813189,0,3.725407925407926,2.1875,10.215116279069768,5.282246756130833,2.2529850746268654,2.5687517495126584,2.5454545454545454,3.383592017738359,0,3.5,1.1929347826086956,2.333333333333333,7.059063914921429,4,1,0,1.9414381914381913,1.3715082059378836,2.2696629213483144,1,0,0,2.333333333333333,1.4045989304812836,5,0.5636363636363636,1.5434782608695652,0.7058823529411765,0.21428571428571427,1.0897016011644833,0,0,3.3095238095238098,3.810864576412706,0,1.9683544303797469,0.8,0,12.636363636363637,0,0,0.4707070707070707,0,0,12.655172413793103,2.075,0.39285714285714285,1.425,0.3880597014925373,0.14754098360655737,0,0.2574858027878162,0.14285714285714285,0.25,0.1875,0,0.3127035830618892,0,0.29444444444444445,2.7399999999999998,1.85,0,0.024390243902439025,16.390917188159257,0,0,6.04,0,0.02127659574468085,1,1,12
97 preview,2019-12-20,739.8472222222222,163.27768222768225,294.40000000000003,274.47694133486806,174.2451388888889,5.218360122464601,26.088821412505624,28.360967722567356,75.76545397053624,104.96351097223726,40,127,39.54182294817504,39.981835356429194,34.44077238550923,45,4.552777777777778,96.29836829836829,76.8266816468379,53.540275947788516,3.733898305084746,30.497080000021178,29.089235764235767,8.638878280454367,28,25.602877971910047,6.032987845487845,43.94632286879315,14,38.18441022959051,10.53443287037037,18.573822667427315,16,21.957049127043597,13.261183867996317,21.883107231627765,13.768644870883676,17.23091084228979,13.877720873897344,0.14285714285714285,17.77293917567027,16.301228049706136,16.834270685018193,12.80479152426521,18.832768042208407,5.283035714285714,26.19599496930732,18.333333333333332,55.1744457384403,2.3113247863247866,35.16666666666667,11.307635348187226,6.690476190476191,5.166666666666667,1.5615384615384615,13.573636363636362,8.216666666666667,17.269949494949493,3.4048387096774193,9.775986495723338,80.19065014552302,1,18.78986036753872,10.266144814090019,7.52465542677855,0,6.117965367965368,11.522615980510718,0,0,5.783333333333333,27.76912342043921,5.764195466369379,2.1818181818181817,4.544914874551972,0,5.989743160619449,6.915094339622642,23.278688524590166,3.5,4,21.86010385582063,0.058823529411764705,2.166666666666667,12.383433769315648,0,3.9563492063492065,2.7606382978723403,15.234199134199134,5.333333333333333,14.39890591620062,0,2.04296875,4.071343311960224,11.450624375624376,2.3968528950078762,0,2.1714285714285717,3,1.8186813186813189,3,3.725407925407926,1.5208333333333333,10.215116279069768,5.282246756130833,1,2.9437517495126584,1.5454545454545454,3.383592017738359,0,3.5,1.1929347826086956,2.333333333333333,7.05506391492143,4,1,0,1.9414381914381913,1.3715082059378836,2.2808988764044944,1,0,0,2.333333333333333,1.4045989304812836,4,0.5636363636363636,1.5434782608695652,0.7058823529411765,0.21428571428571427,1.0897016011644833,0,0,3.238095238095238,3.810864576412706,0,1.9683544303797469,0.4,0,12.636363636363637,0,0,0.4707070707070707,0,0,12.655172413793103,2.075,0.36666666666666664,1.425,0,0.14754098360655737,0,0.07731027361899846,0.14285714285714285,0.25,0.1875,0,0.3127035830618892,0,0.29444444444444445,2.7399999999999998,1.85,0,0,16.390917188159257,0,0,6.04,0,0.02127659574468085,1,1,12
98 preview,2020-01-09,739.8472222222222,162.7416461916462,294.40000000000003,287.94127870947665,175.2221966205837,7.083178885790827,24.89595141700405,28.410350438616735,79.42487883682465,105.33151097223725,40,128,43.54182294817504,39.6022835357009,34.44077238550923,45,4.386111111111111,96.29836829836829,76.8266816468379,53.540275947788516,2.733898305084746,30.487922490863667,10.266923354423353,8.647250783392089,28,25.602877971910047,6.032987845487845,33.78208835778445,15,36.26973224065793,13.896851851851853,3.9653198653198647,16,23.40896322601652,17.958195362249192,20.53403098146456,14.625787728026534,18.402119525801183,13.565220873897344,12.276190476190475,18.38078231292517,16.301228049706136,16.461821705426356,14.971458190931877,12.832768042208404,6.783035714285714,24.86266163597399,7.333333333333333,52.9244457384403,8.401880341880343,33.16666666666667,11.283846107365953,5.690476190476191,5.166666666666667,0.5615384615384615,13.537272727272727,8.216666666666667,16.81161616161616,3.4048387096774193,9.451570821307662,80.52398347885637,1,18.78986036753872,10.266144814090019,9.123302300752567,0,6.617965367965368,12.398989606884346,0,0,5.783333333333333,28.282281315176053,6.641973244147156,2.1818181818181817,5.444914874551972,0,5.0599812558575445,8,22.278688524590166,3.5,4,21.66010385582063,0.058823529411764705,3.166666666666667,13.285502032310117,0,3.9563492063492065,2.7606382978723403,16.234199134199134,5.333333333333333,14.39890591620062,0,2.04296875,4.071343311960224,11.450624375624376,2.3968528950078762,0,2.1714285714285717,3,1.8186813186813189,2,3.725407925407926,1.5208333333333333,10.215116279069768,5.282246756130833,1,2.5687517495126584,1.5454545454545454,3.383592017738359,0,3.5,1.1929347826086956,2.333333333333333,7.05506391492143,4,1,0,1.9414381914381913,1.3715082059378836,2.2808988764044944,1,0,0,2.333333333333333,1.4045989304812836,4,0.5636363636363636,1.5434782608695652,0.7058823529411765,0.21428571428571427,1.0897016011644833,0,0,3.238095238095238,3.8058225596059834,0,1.9683544303797469,0.4,0,12.636363636363637,0,0,0.4707070707070707,0,0,12.655172413793103,2.075,0.36666666666666664,1.425,0,0.32142857142857145,0,0.07731027361899846,0.14285714285714285,0.25,0.1875,0,0.3127035830618892,0,0.29444444444444445,2.7399999999999998,1.85,0,0,16.390917188159257,0,0,6.04,0.014285714285714285,0.02127659574468085,1,1,12
100 preview,2020-02-06,2282.347222222222,160.69968814968814,296.40000000000003,292.25471547945006,170.7221966205837,7.083178885790827,24.89595141700405,27.104794883061178,80.42487883682465,105.33151097223725,40,128,43.56688560481664,39.6022835357009,34.44077238550923,45,4.386111111111111,96.29836829836829,77.0049326860968,58.44936685687942,4.733898305084746,30.523636776577955,11.000256687756687,9.616000783392089,29,23.936211305243383,6.032987845487845,38.95628190617155,15,38.27890655258454,13.896851851851853,3.9653198653198647,16,21.880893050577924,18.624862028915857,20.53403098146456,14.625787728026534,19.202119525801184,13.565220873897344,12.276190476190475,22.214037950205466,17.467894716372804,16.461821705426356,15.80479152426521,12.832768042208404,10.633035714285715,25.19599496930732,7.333333333333333,56.8088207384403,8.401880341880343,33.16666666666667,11.329929410028203,5.690476190476191,5.166666666666667,0.5615384615384615,11.537272727272727,8.216666666666667,16.81161616161616,7.107148667886923,10.451570821307662,79.69065014552302,1.1866666666666668,18.72534423850646,10.266144814090019,9.495766068868509,0,6.617965367965368,12.506132464027203,0.6666666666666666,0,5.783333333333333,28.282281315176053,6.641973244147156,2.1818181818181817,6.140972222222223,0,5.0599812558575445,4,23.267123287671232,3.5,4,22.231315977032754,0.058823529411764705,3.166666666666667,11.890346116302448,0,3.9563492063492065,2.7606382978723403,14.234199134199134,4.333333333333333,14.39890591620062,0,2.0394477317554243,4.071343311960224,11.450624375624376,2.416816149033722,0,2.166666666666667,4,1.8186813186813189,2,3.725407925407926,1.4875,10.215116279069768,5.282246756130833,1,2.5687517495126584,1.5454545454545454,3.383592017738359,0,3.5,1.1304347826086956,2.333333333333333,7.05506391492143,4,1,0,1.9414381914381913,1.3715082059378836,2.2808988764044944,1,0,0,2.333333333333333,1.4045989304812836,4,0.5636363636363636,1.5434782608695652,0.7058823529411765,0.21428571428571427,1.0897016011644833,0,0,3.238095238095238,3.8183024025722134,0,1.9683544303797469,0.4,0,12.636363636363637,0,0,0,0,0,12.655172413793103,2.075,0.36666666666666664,1.425,0.3880597014925373,0.32142857142857145,0,0.07731027361899846,0.14285714285714285,0.25,0.1875,0,0.3127035830618892,0,0.29444444444444445,2.7399999999999998,1.85,0,0,16.390917188159257,0,0,6.04,0,0.02127659574468085,1,1,12
101 preview,2020-02-20,2332.347222222222,162.69968814968814,297.40000000000003,322.54232850951735,171.7221966205837,6.306393171505112,24.89595141700405,26.827017105283403,80.42487883682465,105.58965829366585,40,128,43.56688560481664,42.6022835357009,34.44077238550923,82,4.386111111111111,96.29836829836829,77.04924762396105,62.44936685687942,4.733898305084746,30.523636776577955,11.000256687756687,9.616000783392089,29,23.936211305243383,6.032987845487845,39.617302032998126,15,41.26973224065793,13.896851851851853,4.0562289562289555,16,20.24755971724459,18.624862028915857,20.53403098146456,14.125787728026534,19.202119525801184,13.565220873897344,12.276190476190475,22.214037950205466,21.467894716372804,16.461821705426356,16.804791524265205,11.832768042208404,11.966369047619049,26.206869673799048,7.333333333333333,58.41039116534806,8.401880341880343,33.16666666666667,12.540554457495354,5.690476190476191,4.166666666666667,0.5615384615384615,11.537272727272727,8.216666666666667,16.81161616161616,7.107148667886923,10.451570821307662,80.02398347885637,1.1866666666666668,18.72534423850646,10.266144814090019,10.704264831372631,0,6.617965367965368,12.506132464027203,0.6666666666666666,0,5.783333333333333,30.28228131517605,6.641973244147156,2.1818181818181817,6.140972222222223,0.7777777777777778,5.0599812558575445,4,24.017123287671232,3,4,22.677744548461327,0.05263157894736842,3.166666666666667,11.890346116302448,0,3.9563492063492065,2.7606382978723403,15.234199134199134,4.333333333333333,14.39890591620062,0,2.0394477317554243,4.071343311960224,13.268806193806192,3.0583782131899286,0,2.166666666666667,4,1.8186813186813189,2,3.725407925407926,1.4875,10.215116279069768,5.282246756130833,1,2.9437517495126584,1.5454545454545454,3.383592017738359,0,3.5,1.1304347826086956,2.333333333333333,7.05506391492143,4,1,0,1.9414381914381913,1.3715082059378836,2.2808988764044944,1,0,0,2.333333333333333,1.4045989304812836,4,0.5636363636363636,1.5434782608695652,0.7058823529411765,0.21428571428571427,1.0897016011644833,0,0,3.238095238095238,3.8183024025722134,0,1.9683544303797469,0.4,0,12.636363636363637,0,0,0,0,0,12.655172413793103,2.075,0.36666666666666664,1.425,0,0.32142857142857145,0,0.07731027361899846,0.14285714285714285,0.25,0.1875,0,0.3127035830618892,0,0.29444444444444445,2.7399999999999998,1.85,0,0,16.390917188159257,0,0,6.04,0,0.02127659574468085,1,1,12
102 preview,2020-03-06,2332.347222222222,162.69968814968814,297.40000000000003,329.7097799854032,171.7221966205837,6.306393171505112,24.89595141700405,23.385995569963622,80.42487883682465,53.137228034539476,40,128,43.56688560481664,42.6022835357009,34.44077238550923,82,4.386111111111111,96.29836829836829,76.95878965738369,65.58729789136217,4.733898305084746,30.523636776577955,11.461795149295147,9.616000783392089,30,23.936211305243383,6.032987845487845,43.06730203299813,15,38.288080864511144,13.896851851851853,4.936506734006734,16,23.91422638391126,18.624862028915857,20.53403098146456,14.125787728026534,19.202119525801184,13.565220873897344,12.276190476190475,22.214037950205466,22.467894716372804,16.461821705426356,15.80479152426521,1.8327680422084038,11.966369047619049,25.873536340465716,7.166666666666667,58.91039116534806,8.401880341880343,44.16666666666667,13.572059243032403,5.690476190476191,4.166666666666667,1.0615384615384615,12.537272727272727,8.216666666666667,16.81161616161616,7.107148667886923,10.451570821307662,78.420448125321,1.1866666666666668,18.72534423850646,10.266144814090019,8.598225238644535,0,6.617965367965368,12.006132464027203,0.6666666666666666,0,5.783333333333333,30.28228131517605,6.641973244147156,1.6818181818181819,6.140972222222223,0.9321266968325792,5.1537312558575445,4,25.017123287671232,3,4,22.138733559450337,0.05,3.166666666666667,9.674836626828222,0,6.9563492063492065,2.7606382978723403,14.234199134199134,4.333333333333333,14.39890591620062,0,2.0394477317554243,4.0390852474440955,13.268806193806192,4.416816149033722,0,2.166666666666667,4,1.8186813186813189,0,3.725407925407926,1.4875,10.215116279069768,5.282246756130833,1,2.8187517495126584,1.5454545454545454,3.383592017738359,0,3.5,1.1304347826086956,2.333333333333333,7.05506391492143,4,1,0,1.9414381914381913,1.3715082059378836,2.146067415730337,1,0,0,2.333333333333333,1.4045989304812836,4,0.4,1.5434782608695652,0.7058823529411765,0.21428571428571427,1.0897016011644833,0,0,3.238095238095238,3.824669327920102,0,1.9683544303797469,0.4,0,12.636363636363637,0,0,0,0,1,12.655172413793103,2.075,0.36666666666666664,1.425,0,0.32142857142857145,0,0.07731027361899846,0.14285714285714285,0.25,0.1875,0,0.3127035830618892,0,0.29444444444444445,2.7399999999999998,1.85,0,0,16.390917188159257,0,0,6.04,0,0.02127659574468085,1,1,12
103 preview,2020-03-27,426.7472222222222,164.69968814968814,297.40000000000003,350.6377047905526,176.7221966205837,6.306393171505112,24.89595141700405,19.448680625285423,80.42487883682465,54.046751844063294,40,128,43.56688560481664,45.829556262973625,34.44077238550923,19.383333333333333,4.691666666666666,96.29836829836829,77.14712994996839,69.89467337028938,4.733898305084746,30.523636776577955,12.461795149295147,9.616000783392089,30,23.936211305243383,6.032987845487845,43.96730203299813,17,42.288080864511144,17.896851851851853,5.0793638768638765,7,39.39238195383154,18.624862028915857,20.53403098146456,14.125787728026534,19.202119525801184,13.565220873897344,12.276190476190475,22.214037950205466,22.467894716372804,16.39515503875969,15.80479152426521,1.8327680422084038,13.002732683982686,25.206869673799048,7.166666666666667,59.25182942057941,8.401880341880343,44.16666666666667,13.165262977768396,6.690476190476191,2.166666666666667,1.5615384615384615,12.537272727272727,8.216666666666667,16.81161616161616,10.446037556775812,10.451570821307662,78.420448125321,1.1866666666666668,18.72534423850646,10.266144814090019,9.16826584567357,0,1.2846320346320346,12.006132464027203,0.6666666666666666,0,3.533333333333333,32.78228131517605,6.641973244147156,1.6818181818181819,6.124242424242425,0.9321266968325792,6.727023181323383,7,24.017123287671232,3,4,22.709887405604185,0.047619047619047616,3.166666666666667,9.674836626828222,0,6.9563492063492065,2.7606382978723403,15.234199134199134,4.333333333333333,14.64890591620062,3.1587301587301586,5.039370078740157,4.006827182927966,14.602139527139526,4.404263847778492,0,2.166666666666667,4,1.8186813186813189,0.6666666666666666,4.725407925407926,1.4875,10.215116279069768,5.282246756130833,1,2.9437517495126584,1.5454545454545454,4.383592017738359,0,3.5,1.1304347826086956,2.333333333333333,7.054515725890964,4,1,0,1.9414381914381913,1.3715082059378836,2.146067415730337,0.5,0,0,2.333333333333333,1.4045989304812836,4,1.2,1.5434782608695652,0.7058823529411765,0.21428571428571427,0.16666666666666666,0,0,3.238095238095238,3.824669327920102,0,1.9683544303797469,0.4,0,12.636363636363637,0,0,0,0,0,12.655172413793103,2.075,0.36666666666666664,1.9290650406504064,0.3880597014925373,0.5714285714285714,0,0.07731027361899846,0.14285714285714285,0.25,0.1875,0,0.3127035830618892,0,0.29444444444444445,2.7399999999999998,1.85,0.06666666666666667,0,16.390917188159257,0,0,6.04,0,0.02127659574468085,1,1,12
104 preview,2020-04-09,426.7472222222222,163.69968814968814,178.19999999999996,355.4513989358059,175.7221966205837,6.306393171505112,24.89595141700405,23.416554012457052,80.42487883682465,54.046751844063294,40,125,43.56688560481664,44.329556262973625,34.44077238550923,20.166666666666664,4.691666666666666,97.29836829836829,80.9037642351866,66.66819253405245,4.733898305084746,30.523636776577955,14.328461815961816,6.616000783392088,30,23.936211305243383,6.032987845487845,43.96730203299813,16,45.3187751673767,17.896851851851853,8.809020739608973,11,38.06813952958911,18.624862028915857,27.53403098146456,13.732136934375742,19.335601668658327,13.565220873897344,12.276190476190475,22.214037950205466,22.467894716372804,16.39515503875969,15.80479152426521,1.8327680422084038,12.986066017316018,25.373536340465716,7.166666666666667,62.25182942057941,8.401880341880343,44.16666666666667,13.898596311101727,6.690476190476191,2.166666666666667,0.5615384615384615,12.537272727272727,8.216666666666667,16.844949494949496,10.396037556775813,11.451570821307662,78.75378145865434,1.1866666666666668,18.72534423850646,10.266144814090019,9.177328491769305,0,1.2846320346320346,12.648734959570874,0.6666666666666666,0,3.533333333333333,33.03228131517605,6.641973244147156,1.6818181818181819,6.124242424242425,0.9321266968325792,5.727023181323383,7,24.017123287671232,3,4,21.47531811721467,0.047619047619047616,3.166666666666667,9.901027103018698,0,6.9563492063492065,3.5106382978723403,16.234199134199134,4.333333333333333,14.64890591620062,3.1587301587301586,6.039370078740157,4.006827182927966,13.12594905094905,4.40395134235305,0,2.05632183908046,4,1.8186813186813189,0.6666666666666666,4.725407925407926,1.4875,10.215116279069768,5.282246756130833,1,2.5687517495126584,1.5454545454545454,4.383592017738359,0,3.5,1.1304347826086956,2.333333333333333,7.054515725890964,4,1,0,1.9414381914381913,1.3412051756348533,2.146067415730337,0,0,0,2.333333333333333,1.4045989304812836,4,1.2,1.5434782608695652,0.7058823529411765,0.21428571428571427,0.16666666666666666,1.125,0,3.238095238095238,3.824669327920102,0,1.9683544303797469,0.4,0,12.636363636363637,0,0,0,0,0,12.655172413793103,2.075,0.36666666666666664,1.9290650406504064,0,0.5714285714285714,0,0.07731027361899846,0.47619047619047616,0.25,0.1875,0,0.3127035830618892,0.2857142857142857,0.29444444444444445,2.7399999999999998,1.85,0.06666666666666667,0,16.390917188159257,0,0,6.04,0,0.02127659574468085,1,1,12
105 preview,2020-04-25,426.7472222222222,162.69968814968814,178.19999999999996,359.8180150020964,176.7221966205837,6.306393171505112,22.89595141700405,22.583220679123723,81.42487883682465,54.046751844063294,40,128,43.56688560481664,45.329556262973625,34.44077238550923,20.166666666666664,2.691666666666667,97.38170163170162,82.00982117534875,68.09091600940751,4.733898305084746,31.523636776577955,13.328461815961814,8.616000783392089,31,23.936211305243383,6.032987845487845,50.84230203299813,17,45.32794947930331,17.896851851851853,9.489020739608975,11,36.46813952958911,20.624862028915857,34.534030981464554,13.398803601042406,19.335601668658327,14.565220873897344,12.276190476190475,24.229266376601405,20.467894716372804,0.4,15.80479152426521,6.8327680422084045,12.986066017316018,26.373536340465716,7.166666666666667,62.25182942057941,8.401880341880343,44.16666666666667,14.145950808456224,6.690476190476191,3.1808510638297873,1.0615384615384615,12.537272727272727,7.216666666666667,16.81161616161616,10.396037556775813,11.492479912216753,78.420448125321,1.1866666666666668,18.72534423850646,9.49404761904762,10.964268182229501,0,1.2846320346320346,14.353863164699078,0.6666666666666666,0,0.05,34.03228131517605,6.641973244147156,1.6818181818181819,6.124242424242425,0.9321266968325792,5.727023181323383,7,24.017123287671232,3,4,21.67531811721467,0.2200328407224959,3.166666666666667,9.901027103018698,0,7.9563492063492065,3.5106382978723403,15.234199134199134,4.333333333333333,15.767953535248239,3.1587301587301586,3.1176470588235294,4.006827182927966,12.169427311818616,4.379055076792884,0,2.05632183908046,4,1.8186813186813189,0,4.725407925407926,1.4875,10.215116279069768,5.282246756130833,1,2.9437517495126584,1.5454545454545454,4.383592017738359,3,3.5,1.1304347826086956,2.333333333333333,7.054515725890964,4,0,0,1.9414381914381913,1.3412051756348533,2.146067415730337,0,0,0,2.333333333333333,1.4045989304812836,4,1.2,1.5434782608695652,0.7058823529411765,0.21428571428571427,0.16666666666666666,1.125,0,3.238095238095238,3.824669327920102,0,2.997766195085629,0.4,0,12.636363636363637,0,0,0,0,0,12.655172413793103,2.2,0.36666666666666664,1.9290650406504064,0,0.5714285714285714,0,0.07731027361899846,0.47619047619047616,0.25,0.1875,0,0.3127035830618892,0.2857142857142857,0.29444444444444445,2.7399999999999998,1.85,0.06666666666666667,0,16.390917188159257,0,0,6.04,0,0.02127659574468085,1,1,12
