version,date,/2dcontext,/BackgroundSync,/FileAPI,/IndexedDB,/PeriodicBackgroundSync,/WebCryptoAPI,/WebIDL,/accelerometer,/ambient-light,/animation-worklet,/apng,/appmanifest,/async-local-storage,/audio-output,/background-fetch,/badging,/battery-status,/beacon,/bluetooth,/clear-site-data,/client-hints,/clipboard-apis,/compat,/compression,/console,/content-dpr,/content-index,/content-security-policy,/contenteditable,/cookie-store,/cookies,/cors,/credential-management,/css/CSS2,/css/WOFF2,/css/compositing,/css/construct-stylesheets,/css/css-align,/css/css-animations,/css/css-backgrounds,/css/css-borders,/css/css-box,/css/css-break,/css/css-cascade,/css/css-color,/css/css-color-adjust,/css/css-conditional,/css/css-contain,/css/css-content,/css/css-counter-styles,/css/css-device-adapt,/css/css-display,/css/css-easing,/css/css-env,/css/css-exclusions,/css/css-fill-stroke,/css/css-flexbox,/css/css-font-loading,/css/css-fonts,/css/css-grid,/css/css-images,/css/css-inline,/css/css-intrinsic-size,/css/css-layout-api,/css/css-lists,/css/css-logical,/css/css-masking,/css/css-multicol,/css/css-namespaces,/css/css-overflow,/css/css-overscroll-behavior,/css/css-page,/css/css-paint-api,/css/css-position,/css/css-properties-values-api,/css/css-pseudo,/css/css-regions,/css/css-rhythm,/css/css-ruby,/css/css-scoping,/css/css-scroll-anchoring,/css/css-scroll-snap,/css/css-scrollbars,/css/css-shadow-parts,/css/css-shapes,/css/css-size-adjust,/css/css-sizing,/css/css-syntax,/css/css-tables,/css/css-text,/css/css-text-decor,/css/css-timing,/css/css-transforms,/css/css-transitions,/css/css-typed-om,/css/css-ui,/css/css-values,/css/css-variables,/css/css-will-change,/css/css-writing-modes,/css/cssom,/css/cssom-view,/css/filter-effects,/css/geometry,/css/mediaqueries,/css/motion,/css/selectors,/css/vendor-imports,/custom-elements,/device-memory,/document-policy,/dom,/domparsing,/domxpath,/editing,/element-timing,/encoding,/encoding-detection,/encrypted-media,/entries-api,/event-timing,/eventsource,/feature-policy,/fetch,/forced-colors-mode,/fullscreen,/gamepad,/generic-sensor,/geolocation-API,/geolocation-sensor,/gyroscope,/hit-test,/hr-time,/html,/idle-detection,/imagebitmap-renderingcontext,/import-maps,/inert,/infrastructure,/input-device-capabilities,/input-events,/installedapp,/intersection-observer,/js,/js-self-profiling,/keyboard-lock,/keyboard-map,/kv-storage,/largest-contentful-paint,/layout-instability,/layout-stability,/lifecycle,/loading,/longtask-timing,/magnetometer,/mathml,/measure-memory,/media-capabilities,/media-playback-quality,/media-source,/mediacapture-fromelement,/mediacapture-image,/mediacapture-record,/mediacapture-streams,/mediasession,/mimesniff,/mixed-content,/mst-content-hint,/native-file-system,/native-io,/navigation-timing,/netinfo,/network-error-logging,/notifications,/offscreen-canvas,/old-tests,/orientation-event,/orientation-sensor,/origin-isolation,/origin-policy,/page-lifecycle,/page-visibility,/paint-timing,/payment-handler,/payment-method-basic-card,/payment-method-id,/payment-request,/performance-timeline,/periodic-background-sync,/permissions,/permissions-request,/permissions-revoke,/picture-in-picture,/pointerevents,/pointerlock,/portals,/preload,/presentation-api,/printing,/priority-hints,/proximity,/push-api,/quirks,/referrer-policy,/remote-playback,/reporting,/requestidlecallback,/resize-observer,/resource-timing,/screen-capture,/screen-orientation,/screen-wake-lock,/screen_enumeration,/scroll-animations,/scroll-to-text-fragment,/secure-contexts,/selection,/serial,/server-timing,/service-workers,/shadow-dom,/shape-detection,/signed-exchange,/sms,/speech-api,/std-toast,/storage,/storage-access-api,/streams,/subresource-integrity,/svg,/timing-entrytypes-registry,/touch-events,/trusted-types,/uievents,/upgrade-insecure-requests,/url,/user-timing,/vibration,/video-raf,/video-rvfc,/visual-viewport,/wai-aria,/wake-lock,/wasm,/web-animations,/web-locks,/web-nfc,/web-share,/webaudio,/webauthn,/webdriver,/webgl,/webgpu,/webmessaging,/webmidi,/webrtc,/webrtc-extensions,/webrtc-identity,/webrtc-insertable-streams,/webrtc-quic,/webrtc-stats,/webrtc-svc,/websockets,/webstorage,/webusb,/webvr,/webvtt,/webxr,/workers,/worklets,/x-frame-options,/xhr,/xslt
12.1,2019-01-01,39.64028185304565,0,13.498497150828548,13.427225342225343,0,1.8114239996959889,0.4303030303030303,0,0,0,1,0,0,0,0.1590909090909091,0,0.5,0.5,0,1.9166666666666667,0.5,0.6284722222222222,2.333333333333333,0,0,0,0,85.3645680023994,0,0,7.85594931384405,3.3625,0.9117647058823529,852,5,1,0,0,4.448416217928413,6.833333333333333,0,0,1.1388888888888888,1.275531914893617,40.85819318881437,0,2.6044226044226044,73,0,0,0,4,0,0,0,0,25.25815850815851,1.294871794871795,28.134556789862387,63.0411877394636,3,0.1875,0,0,3,1.3246753246753247,19.43954248366013,97.79166666666667,0,1,0,0,0,21.65,0,1.1142857142857143,0,0,0,12.642857142857142,0,0.13157894736842105,0,0,86.29629629629629,0,0,0,9.544949494949496,118.06666666666666,1.3125,0,23.38452380952381,5.702976190476189,0,16.404761904761905,5.469072164948454,1.9992948151421417,0,291.6666666666667,11.991569255856145,9.941427540916031,22.554808270528795,0.4246363699193888,3.0300261096605743,5.581766917293233,4.384920634920634,89,4.368899846841023,0,0,7.710603456029468,2.547794117647059,0.10989010989010989,5.974309485336637,0,104.46107621573694,0,13.138403467757648,0,0.875,12,21.471080964685616,38.45219891369156,0,8.583333333333332,0.02702702702702703,0,0,0,0,0,4.7023809523809526,193.78176179691013,0,0,0,0,5.098484848484849,0,0,0,0,1,0,0,0,0,0,0,0,0,0,0,0,2,0,0.30219780219780223,0,14.213199311463528,0,0,1.6992753623188406,14.736346166373528,0,0.4008962294347353,45,0.5428571428571429,0,0,20.285714285714285,0,1,2.2563315356530644,0,6.04,2.3974358974358974,0,0,0,0,3,0,0.26666666666666666,0,0,0,4.929606625258799,0,0.8064516129032258,0,0,0.07317073170731707,5.882823590140664,0.5952380952380952,0,10.5,0,0,0,0,2.9161585365853657,1.5284090909090908,193.5,0,0.16363636363636364,11.75,0,2.7278082541240427,0.03333333333333333,2.9130434782608696,0,0,0,0,3.1666666666666665,16.41976334200541,0,7.297476475620188,22.218995380580143,3.4047619047619047,0,2,0,1.2533783783783783,0,13.277777777777779,0,20.986247839039088,0,43.5043341503268,0,1.425,0,0.2608108108108108,0.5,3.2418637651574245,1.5364936849965294,2.475,0,0,0,0,0,50.79109877669197,3.9017126993019056,0.5625,0,0,78.88494293279032,4.561422346716465,46.58159545181306,1.2944844124700239,0,16.333333333333332,0,11.01043983285974,0,0,0,0,0,0,36.16666666666667,21.25,0,4.23404255319149,13.234848484848484,0,48.38409676114324,0,0,12.428943397845837,0
74 preview,2019-01-29,15.640281853045654,0,13.331830484161882,5.387066052227343,0,1.8004349887069777,0.4303030303030303,0,0,0,1,0,0,0,0.1590909090909091,0,0.5,0.5,0,1.9166666666666667,0.5,0.5729166666666666,2.333333333333333,0,0,0,0,85.03123466906605,0,0,7.85594931384405,3.3625,0.9117647058823529,853,5,2,0,0,4.448416217928413,6.833333333333333,0,0,1.25,1.2773684210526315,25.697038333171317,0,2.4593301435406696,73,0,0,0,4,0,0,0,0,28.25815850815851,1.294871794871795,28.249410234455503,65.71681799156445,3,0.1875,0,0,6,2.1428571428571423,21.43954248366013,98.79166666666667,0,1.4722222222222223,0,0,0,27.650000000000002,0,1.1142857142857143,2,0,0,12.642857142857142,9,0.13157894736842105,0,0,87.29629629629629,0,1.5,1.7529850746268656,10.044949494949496,120.35833333333333,1.3125,0,38.60756302521009,5.713614488348529,0,15.477436323366556,6.469072164948454,1.9347786861098837,0,291.6666666666667,12.491569255856145,10.243447742936233,20.554808270528795,0.4246363699193888,5.2831589417407745,5.581766917293233,4.384920634920634,85,4.368899846841023,0,0,9.71059030471039,2.547794117647059,0.10989010989010989,5.974309485336637,0,104.42855873321946,0,13.133641562995743,0,0.875,12,9.077777777777778,36.483804508336725,0,8.583333333333332,0.02702702702702703,0,0,0,0,0,4.7023809523809526,223.28677215212568,0,0,0,0.3333333333333333,5.098484848484849,0,0.45652173913043476,0,0,1,0,0,0,0,0,0,0,0,0,0,0,2,0,0.30219780219780223,0,17.48805311263312,0,0,1.6992753623188406,3.0686274509803924,0,0.4008962294347353,45,0.14285714285714285,0,0,20.285714285714285,0,1,2.2563315356530644,0,6.04,2.3974358974358974,0,0,0,0,3,0,0.26666666666666666,0,0,0,4.885311871227364,0,0.8064516129032258,0,0,0,12.843537875854949,0.5952380952380952,0,10.5,0,0,0,0,2.9161585365853657,1.6484848484848484,520.3472222222222,0,0.16363636363636364,12.75,0,3.6160557960557953,0,2.9130434782608696,0,0,0,0,3.1666666666666665,16.41976334200541,0,7.297476475620188,19.127725539310298,3.4047619047619047,0,0,0,1.2533783783783783,0,12.444444444444445,0,20.986247839039088,0,44.5043341503268,0,1.425,0,0.2608108108108108,2.5,3.2418637651574245,1.3973231780840871,2.475,0,0,0,0,0,48.11751315515238,3.8932415438042507,0.5625,0,0,79.70230194790844,4.561422346716465,77.14443014798108,1.2944844124700239,0,16.333333333333332,0,4.299530003954556,0,0,0,0,0,0,36.16666666666667,21.48448275862069,0,4.23404255319149,14.234848484848484,0,50.07662549677543,0,0,12.38263258827775,0
75 preview,2019-02-08,15.640281853045654,0,12.474687627019025,13.421936182097474,0,1.8334020216740108,0.4303030303030303,0,0,0,1,0,0,0,0.1590909090909091,0,0.5,0.55,0,1.9166666666666667,0.5,0.5880681818181819,2.333333333333333,0,0,0,0,85.03123466906605,0,0,7.825646283541021,3.3625,0.9117647058823529,853,5,2,0,2,4.448416217928413,6.833333333333333,0,0,1.1388888888888888,2.2773684210526315,23.697038333171317,0,2.4593301435406696,73,0,0,0,4,0,0,0,0,28.25815850815851,1.3076923076923077,28.267758858308714,66.81681799156445,3,0.1875,0,0,6,2.1428571428571423,20.43954248366013,97.79166666666667,0,1.4722222222222223,0.6,0,0,21.65,0,1.1142857142857143,2,0,0,12.642857142857142,16,0.13157894736842105,0,0,87.29629629629629,0,2,1.7529850746268656,9.544949494949496,120.35833333333333,1.3125,0,24.43233082706767,5.702976190476189,0,15.477436323366556,7.5599812558575445,1.9347786861098837,0,291.6666666666667,12.491491655540102,8.685871985360476,21.554808270528795,0.4246363699193888,3.283158941740775,5.581766917293233,4.384920634920634,86,13.368899846841023,0,0,10.71059030471039,2.3811274509803924,0.10989010989010989,5.974309485336637,2,104.42855873321946,0,13.133641562995743,0,0.875,12,9.077777777777778,35.62666165119386,0,8.583333333333332,0.02702702702702703,0,0,0,0,0,4.7023809523809526,218.9890563415188,0,0,0,0,5.098484848484849,0,0.45652173913043476,0,0,1,0,0,0,0,0,0,0,0,0,0,0,2,0,0.2979242979242979,0,15.82431042257464,0,0,1.6992753623188406,3.0686274509803924,0,0.4008962294347353,45,0.14285714285714285,0,0,19.28813559322034,0,1,2.2563315356530644,0,6.04,2.3974358974358974,0,0,0,0,3,0,0.26666666666666666,0,0,0,4.885311871227364,0,0.8064516129032258,0,0,0,10.501871209188282,0.5952380952380952,0,10.5,0,0,0,0,2.9161585365853657,2.6484848484848484,509.34722222222223,0,0.16363636363636364,12.75,0,3.6160557960557953,0.03225806451612903,2.9130434782608696,0,0,0,0,3.1666666666666665,16.41976334200541,0,7.297476475620188,24.42177315835792,3.4047619047619047,0,0,0,1.2533783783783783,0,13.277777777777779,0,20.21155485658295,0,44.5043341503268,0,1.425,0,0.2608108108108108,2.5,3.2418637651574245,1.7723231780840871,2.475,0,0,0,0,0,49.86037029800952,3.8932415438042507,0.5625,0,0,80.3565847136463,4.561422346716465,83.1878291134815,1.2944844124700239,0,16.333333333333332,0,5.55437579455886,0,0,0,0,0,0,36.16666666666667,21.48448275862069,0,4.23404255319149,13.234848484848484,0,57.91376835391828,0,0,12.355605561250721,0
76 preview,2019-02-21,15.640281853045654,0,13.138848028021531,13.27907903924033,0,1.7904130106849998,0.4303030303030303,0,0,0,1,0,0,0,0.1590909090909091,0,0.5,0.5,0,1.9166666666666667,0.5,0.60625,2.333333333333333,0,0,0,0,85.53123466906605,0,0,7.85594931384405,3.3625,0.9117647058823529,857,5,2,0,3,4.448416217928413,6.833333333333333,0,0,1.1388888888888888,2.2773684210526315,23.697038333171317,0,2.4593301435406696,73,0,0,0,4,0,0,0,0,27.25815850815851,1.3076923076923077,28.3494936372912,67.81681799156445,3,0.1875,0,0,6,2.1428571428571423,20.43954248366013,100.79166666666667,0,1.4722222222222223,0.6,0,0,22.15,0,1.1142857142857143,1,0,0,12.642857142857142,19,0.631578947368421,0,0,87.29629629629629,0,2,2.7529850746268654,9.544949494949496,121.35833333333333,1.3125,0,25.984962406015036,6.381696428571429,0,15.477436323366556,7.7266479225242115,1.9347786861098837,0,362.6666666666667,12.491491655540102,8.685871985360476,21.554808270528795,0.4246363699193888,3.283158941740775,5.581766917293233,4.384920634920634,86,14.668899846841024,0,0,10.71059030471039,2.205688854489164,0.10989010989010989,5.974309485336637,3,105.79262799728872,0,13.133641562995743,0,0.875,12,9.077777777777778,34.92752839008877,0,8.583333333333332,0.02702702702702703,0,0,0,0,0,4.7023809523809526,219.58981151234116,0,0,2.3833333333333333,0,5.098484848484849,0,0.3127035830618892,0,0,1,0,0,0,0,0,0,0,0,0,0,0,2,0,0.2979242979242979,0,15.713199311463528,0,0,1.6992753623188406,3.0686274509803924,0,0.4008962294347353,45,0.14285714285714285,0,0,18.28813559322034,0,1,2.2563315356530644,0,6,2.3974358974358974,0,0,0,0,3,0,0.26666666666666666,0,0,0,4.885311871227364,0,0.8064516129032258,0,0,0.06976744186046512,10.501871209188282,0.5952380952380952,0,0.5,0,0,0,0,2.9161585365853657,2.6484848484848484,511.34722222222223,0,0.16363636363636364,12.75,0,3.6117700817700817,0,2.9130434782608696,0,0,0,0,3.1666666666666665,16.41976334200541,0,7.297476475620188,26.115738675599303,3.4047619047619047,0,0,0,1.2533783783783783,0,13.277777777777779,0,20.21155485658295,0,44.7043341503268,0,1.425,0,1.0941441441441442,2.5,3.2418637651574245,1.3973231780840871,2.475,0,0,0,0,0,52.13756789065334,4.0360986866613935,0.5625,0,0,80.17968049041855,4.561422346716465,80.45269397834636,1.2944844124700239,0,16.133333333333333,0,5.730199970383037,0,0,0,0,0,0,36.16666666666667,21.48448275862069,0,4.23404255319149,13.234848484848484,0,57.91376835391828,0,0,12.31281276845793,0
77 preview,2019-03-07,15.681098179576267,0,13.75789564706915,13.755269515430806,0,1.8222531705251597,1.2787878787878788,0,0,0,1,0,0,0,0.1590909090909091,0,0.5,0.5,0,1.9166666666666667,0.5,0.60625,2.333333333333333,0,0,0,0,85.44790133573272,0,0,7.85594931384405,3.3625,0.9117647058823529,858,5,2,0,3,14.012041675158523,6.833333333333333,0,0,1.1388888888888888,2.2773684210526315,23.697038333171317,0,2.4593301435406696,72.63636363636364,0,0,0,4,0,0,0,0,29.25815850815851,1.3076923076923077,28.36784226114441,66.81681799156445,3,0.1875,0,1,6,2.4553571428571423,23.43954248366013,100.79166666666667,0,1.4722222222222223,0.6,0,0,22.15,0,1.1142857142857143,2,0,0,13.642857142857142,20,0.631578947368421,0,0,87.29629629629629,0,2,2.7529850746268654,9.544949494949496,121.35833333333333,1.3125,0,27.984962406015036,17.13251332001332,0,15.477436323366556,7.7266479225242115,1.9347786861098837,0,362.6666666666667,12.491491655540102,8.685871985360476,21.554808270528795,0.4246363699193888,3.283158941740775,5.581766917293233,4.384920634920634,87,22.668899846841025,0,0,12.710590304710392,2.296597945398255,0.10989010989010989,5.974106847897795,3,105.79262799728872,0,13.133641562995743,0,0.875,12,8.744444444444444,34.88467124723162,0,8.583333333333332,0.02702702702702703,0,0,0,0,0,4.7023809523809526,216.5028990313432,0,0,2.9433333333333334,0,5.098484848484849,0,0.3127035830618892,0,0,1,0,0,0,0,0,0,0,0,0,0,0,2,0,0.2979242979242979,0,11.102088200352418,0,0,0.3333333333333333,0.23529411764705882,0,0.4008962294347353,45,0,0,0,20.28813559322034,0,1,2.2563315356530644,0,6.04,2.3974358974358974,0,0,0,0,3,0,0.26666666666666666,0,0,0,4.885311871227364,0,0.8064516129032258,0,0,0.06976744186046512,10.501871209188282,0.5952380952380952,0,0.5,0,0,0,0,2.9161585365853657,2.6484848484848484,518.3472222222222,0,0.16363636363636364,12.75,0,2.6517700817700818,0,2.8130434782608695,0,0,0,0,3.1666666666666665,16.41976334200541,0,7.297476475620188,25.1407386755993,3.4047619047619047,0,0,0,1.2533783783783783,0,13.277777777777779,0,20.20201066816399,0,44.21028653127918,0,1.425,0,1.0941441441441442,2.5,3.2418637651574245,1.3634248729993412,2.475,0,0,0,0,0,52.13756789065334,4.252816952915264,0.5625,0,0,39.41156815017548,4.561422346716465,9.2817977915804,1.2944844124700239,0,16.333333333333332,0,0.08666666666666667,0,0,0,0,0,0,35.16666666666667,21.48448275862069,0,4.23404255319149,18.234848484848484,0,59.72329216344209,0,0,12.819119074764238,0
78 preview,2019-03-23,15.443002941481028,0,13.974687627019025,13.573846447669979,0,1.8441512724232616,1.2787878787878788,0,0,0,1,0,0,0,0.1590909090909091,0,0.5,0.6,0,1.9166666666666667,0.5,0.4772727272727273,2.333333333333333,0,0,0,0,84.44790133573272,0,0,7.85594931384405,3.1125,0.9117647058823529,861,5,2,0,3,14.900930564047412,6.833333333333333,0,0,1.25,2.2773684210526315,25.697038333171317,0,2.4593301435406696,72.63636363636364,0,0,0,4,0,0,0,0,31.25815850815851,1.3076923076923077,28.358667949217804,67.33196950671596,3,0.1875,0,0,6,2.4553571428571423,25.43954248366013,101.79166666666667,0,1.4722222222222223,0.6,0,0,28.150000000000002,0,1.1142857142857143,2,0,0,13.642857142857142,21,0.631578947368421,0,0,87.29629629629629,0,2,2.7529850746268654,10.044949494949496,124.35833333333333,2.3125,0,42.98496240601504,17.33251332001332,0,15.477436323366556,9.726647922524212,1.9347786861098837,0,362.6666666666667,12.491491655540102,8.689824554530437,33.554808270528795,0.4246363699193888,5.28262001156738,5.581766917293233,4.384920634920634,86,26.668899846841025,0,0,12.710590304710392,2.2887032085561496,0.10989010989010989,5.974106847897795,2,105.79262799728872,0,13.133641562995743,0,0.875,12,9.077777777777778,34.436619299179675,0,8.583333333333332,0.02702702702702703,0,0,0,0,0,4.7023809523809526,231.5633708365333,0,0,2.9833333333333334,0,5.098484848484849,0,0.24104234527687296,0,0,1,0,0,0,0,0,0,0,0,0,0,0,2,0,0.2979242979242979,0,16.98805311263312,0,0,1.6992753623188406,2.8333333333333335,0,0.4008962294347353,45,0.14285714285714285,0,0,22.28813559322034,0,1,2.2563315356530644,0,6.04,2.3974358974358974,0,0,0,0,3,0,0.26666666666666666,0,0,0,4.885311871227364,0,0.8064516129032258,0,0,0.06976744186046512,4.802380952380952,0.5952380952380952,0,0.5,0,0,0,0,2.9161585365853657,2.6484848484848484,510.34722222222223,0,0.16363636363636364,12.75,0,6.596214526214527,0,2.8130434782608695,0,0,0,0,3.1666666666666665,16.41976334200541,0,7.297476475620188,24.508833258462715,3.4047619047619047,0,0,0,0.9198430493273543,0,12.777777777777779,0,19.40201066816399,0,44.21028653127918,0,1.425,0,1.0941441441441442,2.5,3.2418637651574245,1.7723231780840871,2.475,0,0,0,0,0,52.14867900176445,4.183857968355256,0.5625,0,0,81.27862058058673,2.666666666666667,84.32045697944271,1.2944844124700239,0,16.333333333333332,0,7.152706102271319,0,0,0,0,0,0,36.16666666666667,21.48448275862069,0,4.23404255319149,14.234848484848484,0,63.22329216344209,0,0,13.619119074764237,0
79 preview,2019-04-04,15.681098179576267,0,14.64135429368569,9.547179781003308,0,1.8334020216740108,1.2787878787878788,0,0,0,1,0,0,0,0.1590909090909091,0,0.5,0.5,0,1.9166666666666667,0.5,0.4772727272727273,2.333333333333333,0,0,0,0,85.75263921069768,0,0,7.85594931384405,3.3625,0.9117647058823529,863,5,2,0,4.142857142857142,14.812041675158524,6.833333333333333,0,0,1.25,2.277310924369748,25.697038333171317,0,2.4593301435406696,79.63636363636364,0,0,0,4,0,0,0,0,31.25815850815851,1.3076923076923077,28.38619088499762,69.08954526429171,3,0.1875,0,0,6,2.4553571428571423,25.43954248366013,101.79166666666667,0,1.4722222222222223,0.6,0,0,29.150000000000002,0,1.1142857142857143,2,0,0,13.642857142857142,21,0.631578947368421,0,0,87.29629629629629,0,2,2.7529850746268654,11.044949494949496,125.35833333333333,2.3125,0,42.98496240601504,17.084894272394273,0,15.51232004429679,9.726647922524212,1.9347786861098837,0,362.6666666666667,12.491491655540102,8.776781076269568,33.554808270528795,0.4246363699193888,5.28262001156738,5.581766917293233,4.384920634920634,93,26.668899846841025,0,0,12.829801591922568,2.2887032085561496,0.10989010989010989,5.974106847897795,2,105.79262799728872,0,13.133641562995743,0,0.875,12,9.077777777777778,33.70328596584634,0,8.583333333333332,0.02702702702702703,0,0,0,0,0,4.7023809523809526,240.01521743793103,0,0,4.983333333333333,0,5.098484848484849,0,0.24104234527687296,0,0,1,0,0,0,0,0,0,0,0,0,0,0,2,0,0.2979242979242979,0,16.65471977929979,0,0,1.6992753623188406,2.8333333333333335,0,0.4008962294347353,45,0.14285714285714285,0,0,22.28813559322034,0,1,2.2563315356530644,0,6.04,2.3974358974358974,0,0,0,0,3,0,0.26666666666666666,0,0,0,4.87122736418511,0,0.8064516129032258,0,0,0,5.385714285714286,0.5952380952380952,0,1.5,0,0,0,0,2.9161585365853657,2.6869463869463868,513.3472222222222,0,0.16363636363636364,12.75,0,5.596214526214527,0,2.8130434782608695,0,0,0,0,3.1666666666666665,16.41976334200541,0,7.297476475620188,24.139785639415095,3.4047619047619047,0,0,0,0.9198430493273543,0,12.777777777777779,0,20.18058209673542,0,45.21028653127918,0,1.425,0,2.427477477477477,2.5,3.2418637651574245,1.7723231780840871,2.475,0,0,0,0,0,58.81534566843112,4.272637924782272,0.5625,0,0,81.79290629487244,4.495112781954887,86.3248220588078,1.2944844124700239,0,17.333333333333332,0,8.25429340385862,0,0,0,0,0,0,36.16666666666667,21.48448275862069,0,4.23404255319149,15.234848484848484,0,63.22329216344209,0,0,12.685053140698303,0
80 preview,2019-04-18,15.681098179576267,0,14.624809580145254,9.547179781003308,0,1.8224130106849998,1.2787878787878788,0,0,0,1,0,0,0,0.1590909090909091,0,0.5,0.5,0,1.9166666666666667,0.5,0.4772727272727273,2.333333333333333,0,0.4,0,0,85.41930587736435,0,0,7.85594931384405,3.1875,0.9117647058823529,864,5,2,0,4.442002442002441,15.012041675158523,6.833333333333333,0,0,1.25,2.2769709543568464,25.697038333171317,0,2.4593301435406696,83.63636363636364,0,0,0,4,0,0,0,0,31.25815850815851,1.3076923076923077,28.33114501343799,69.08954526429171,3,0.1875,0,0,6,2.4553571428571423,25.43954248366013,101.79166666666667,0,1.4722222222222223,0.6,0,0,29.150000000000002,0,1.1142857142857143,2,0,0,13.642857142857142,21,8.509032049821524,0,0,87.29629629629629,0,2,2.2529850746268654,11.044949494949496,126.35833333333333,2.3125,0,43.98496240601504,17.284894272394272,0,15.51232004429679,9.726647922524212,1.9347786861098837,0,362.6666666666667,12.491491655540102,10.813818113306604,33.554808270528795,0.4246363699193888,5.28262001156738,5.581766917293233,3.384920634920635,96,25.668899846841025,0,0,11.565928032909618,1.1988636363636362,0.10989010989010989,5.974106847897795,2,107.17772477148227,0,13.133641562995743,0,0.875,12,9.077777777777778,35.73350574606612,0,8.583333333333332,0.02702702702702703,0,0,0,0,0,4.7023809523809526,237.64822204443425,0,0,4.983333333333333,0,5.098484848484849,0,0.24104234527687296,0,0,1,0,0,0,0,0,0,0,0,0,0,0,2,0,0.2979242979242979,0,17.48805311263312,0,0,1.6992753623188406,2.8333333333333335,0,0.2574858027878162,45,0.14285714285714285,0,0,20.28813559322034,0,1,2.2563315356530644,0,6.04,2.3974358974358974,0,0,0,0,3,0,0.26666666666666666,0,0,0,7.227364185110663,0,0.8064516129032258,0,0,0.06976744186046512,5.385714285714286,0.5952380952380952,0,0.5,0,0,0,0,2.9161585365853657,2.6869463869463868,449.34722222222223,0,0.16363636363636364,12.75,0,6.8819288119288125,0,2.8130434782608695,0,0,0,0,3.1666666666666665,16.41976334200541,0,2,23.939785639415092,3.4047619047619047,0,0,0,1.0909940209267563,0,12.777777777777779,0,20.18058209673542,0,46.01028653127917,0,1.425,0,2.427477477477477,1.5,3.2379565223330027,1.3973231780840871,2.475,0,0,0,0,0,58.853606537996335,4.297186638526097,0.5625,0,0,82.07862058058674,4.495112781954887,87.64970023231967,1.2944844124700239,0,17.333333333333332,0,7.6591344977241045,0,0,0,0,0,0,36.16666666666667,21.48448275862069,0,4.23404255319149,14.234848484848484,0,63.22329216344209,0,0,14.76197621762138,0
81 preview,2019-05-02,15.681098179576267,0,14.624809580145254,9.547179781003308,0,1.8224130106849998,1.2787878787878788,0,0,0,1,0,0,0,0.1590909090909091,0,0.5,0.5,0,1.9166666666666667,0.5,0.4772727272727273,2.333333333333333,0,0.4,0,0,84.91930587736435,0,0,8.522615980510718,2.6875,0.9117647058823529,865,5,2,0,3.299145299145299,15.012041675158523,6.833333333333333,0,0,1.25,2.2769709543568464,25.697038333171317,0,2.4593301435406696,90.63636363636364,0,0,0,4,0,0,0,0,31.25815850815851,1.3076923076923077,28.340319325364597,69.08954526429171,3,0.1875,0,0,7,2.4553571428571423,25.43954248366013,101.79166666666667,0,1.4722222222222223,0.6,0,0,7.883333333333333,0,1.1142857142857143,2,0,0,13.642857142857142,21,11.147668413457888,0,0,87.29629629629629,0,2,2.2529850746268654,11.044949494949496,126.35833333333333,3.0438432835820897,0,43.98496240601504,23.834894272394276,0,15.51232004429679,10.126647922524212,1.9347786861098837,0,362.6666666666667,12.491491655540102,11.813818113306604,33.554808270528795,0.4246363699193888,5.28262001156738,5.581766917293233,3.384920634920635,95,26.668899846841025,0,0,11.565928032909618,1.1988636363636362,0.25274725274725274,5.977428085366273,3,106.03686762862512,0,13.133641562995743,0,0.875,12,9.077777777777778,35.87636288892327,0,8.583333333333332,0.02702702702702703,0,0,0,0,0,4.7023809523809526,242.6853515815638,0,0,4.983333333333333,0,5.098484848484849,0,0.24104234527687296,0,0,1,0,0,0,0,0,0,0,0,0,0,0,2,0,0.2979242979242979,0,16.48805311263312,0,0,1.6992753623188406,3.0686274509803924,0,0.2574858027878162,45,0.14285714285714285,0,0,23.28813559322034,0,1,2.2563315356530644,0,6.04,2.3974358974358974,0,0,0,0,3,0,0.26666666666666666,0,0,0,8.227364185110662,0,0.8064516129032258,0,0,0,4.385714285714286,0.5952380952380952,0,0.5,0,0,0,0,2.9161585365853657,2.6869463869463868,408.0138888888889,0,0.16363636363636364,12.75,4.168194550547492,8.937484367484366,0,2.8130434782608695,0,0,0,0,3.1666666666666665,16.41976334200541,0,2,23.939785639415092,3.4047619047619047,0,0,0,1.0909940209267563,0,12.777777777777779,0,20.18058209673542,0,46.01028653127917,0,1.425,0,2.7608108108108107,1.5,3.2379565223330027,1.7384248729993412,2.475,0,0,0,0,0,58.853606537996335,4.296963859355949,0.5625,0,0,83.8072135540657,4.495112781954887,92.79257633923086,1.2944844124700239,0,17.333333333333332,0,9.694682283271892,0,0,0,0,0,0,36.16666666666667,21.48448275862069,0,4.23404255319149,14.234848484848484,0,63.22329216344209,0,0,13.484949190594351,0
82 preview,2019-05-16,15.681098179576267,0,14.624809580145254,9.547179781003308,0,1.8334020216740108,1.2303030303030302,0,0,0,1,0,0,0,0.1590909090909091,0,0.5,0,0,1.9166666666666667,0.5,0.4772727272727273,2.333333333333333,0,1.2000000000000002,0,0,85.16568268895855,0,0,9.022615980510718,3.1875,0.9117647058823529,865,5,2,0,3.299145299145299,15.956486119602967,6.833333333333333,0,0,2.333333333333333,2.2769709543568464,25.697038333171317,0,2.4593301435406696,92.66200466200466,0,0,0,5,0,0,0,0,32.25815850815851,1.3076923076923077,28.191509957136265,69.02057974705033,3,0,0,0,7,2.4553571428571423,25.428571428571427,101.33333333333333,0,15.222222222222221,0.6,0,0,8.833333333333334,0,1.1142857142857143,2,0,0,13.642857142857142,21,11.834271284271285,0,0,87.91411060564286,0,3,2.2529850746268654,11.044949494949496,131.29166666666669,2.7313432835820897,0,43.98496240601504,23.201560939060943,0,15.440891472868216,10.126647922524212,2.9347786861098837,0,362.6666666666667,14.20509706031935,11.776781076269568,31.985760651481176,0.4246363699193888,5.28262001156738,9.581766917293232,3.384920634920635,95,29.53556651350769,0,0,11.565928032909618,1.1929347826086956,0.25274725274725274,6.030781743902859,4,106.03686762862512,0,13.133641562995743,0,0.875,12,9.077777777777778,35.07636288892326,0,8.583333333333332,0.02702702702702703,0,0,0,0,0,4.7023809523809526,245.59066512762053,0,0,4.983333333333333,0,5.098484848484849,0,0.24104234527687296,0,0,1,0,0,0,0,0,0,0,0,0,0,0,2,0,0.2979242979242979,0,17.512985361955614,0,0,1.6992753623188406,3.0686274509803924,0,0.2574858027878162,45,0.14285714285714285,0,0,23.28813559322034,0,1,2.2563315356530644,0,6.04,2.3974358974358974,0,0,0,0,3,0,0.26666666666666666,0,0,0,8.227364185110662,0,0.8064516129032258,0,0,0.06976744186046512,3.3857142857142852,0.5952380952380952,0,0.5,0,0,0,0,2.9161585365853657,2.6869463869463868,408.0138888888889,0,0.16363636363636364,12.75,3.814659197012138,7.977484367484368,0,2.8130434782608695,0,0,0,0,3.1666666666666665,16.41976334200541,0,2,20.40645230608176,3.4047619047619047,0,0,0,1.0909940209267563,0,12.777777777777779,0,20.18058209673542,0,39.834976751051734,0,1.425,0,2.7608108108108107,1.5,3.2379565223330027,1.3973231780840871,2.475,0,0,0,0,0,58.853606537996335,4.296963859355949,0.5625,0,0,84.37334812734315,4.495112781954887,95.61387263552717,1.2944844124700239,0,17.333333333333332,0,10.302581069219457,0,0,0,0,0,0,35.16666666666667,21.48448275862069,0,4.23404255319149,15.234848484848484,0,63.22329216344209,0,0,13.389711095356255,0
94 preview,2019-10-17,16.01334926182735,0,20.776035482746092,19.940693901002945,0,1.8331622614342504,1.2303030303030302,0,0,0,1,0,0,0,0.22916666666666666,0,0.3684210526315789,0,0,1.85,0.5,0.4707070707070707,2.333333333333333,0,0,0,0,83.83118044855334,0,0,9.689282647177384,2.0625,0.21428571428571427,773.4818181818182,0,2,0,5.764195466369379,20.906925032541878,16.23469077807114,0,0.9641025641025642,2.083333333333333,2.291322314049587,26.706842254739946,0.7058823529411765,3.383592017738359,103.29836829836829,2.166666666666667,0,0,5,1.8186813186813189,0,0,0,29.090004411408604,1.2696629213483146,38.44735346134478,79.34168160416525,4.504273504273504,0.29444444444444445,0,0,7.2,12.892244683421154,18.649526114135913,112.23167855536276,0,13,1.7142857142857144,0,0,12.281116584564863,0,2.1142857142857143,2,0,0,6.642857142857142,26,24.690772385509227,0,10.666666666666668,90.24290801790802,0,10.53443287037037,2.2529850746268654,15.269949494949493,219.63906810035843,11.668644870883679,0,65.77850557139496,27.28565184815185,0,17.84741506715191,7.429678225554514,4.071343311960224,0,446.40000000000003,12.325897066643098,21.766714098392566,36.224905616269076,1.3715082059378836,5.282246756130833,34.386081252871485,4.134920634920634,121,29.53556651350769,0,0,12.670269518107915,1.1929347826086956,0.14285714285714285,7.061264209609107,0,105.99280129481792,0,3.464951950254381,0,0.9090909090909091,12,20.50093735168486,30.323230544769494,0,10.215116279069768,0.02127659574468085,0,0,1,0,0,4.467741935483871,265.509192700991,0,0,5.733333333333333,0,8.598484848484848,0,0.3127035830618892,0,0,1,0,0,0,0,0,0,0,0,3.5,0,0,1,0,2.2932804232804234,0.4,17.426250668078062,0,0,4.544914874551972,7.679166666666667,0,0.2574858027878162,45,0.14285714285714285,0,0,22.278688524590166,0,1,2.1657929603320296,0,6.04,1.9683544303797469,0,0,0,0,4,0,0.37142857142857144,0,0,0,11.22504892367906,0,1.5434782608695652,0,0,0.3880597014925373,12.348484848484848,2.5454545454545454,0,0.5615384615384615,0,0,0,0,2.808104858104858,3.725407925407926,739.8472222222222,0,0.16071428571428573,12.655172413793103,3.768650793650794,15.840505809979495,0,2.7399999999999998,0,0,0,0.06666666666666667,3.270833333333333,16.390917188159257,0,2,21.95488407560085,2.4047619047619047,0.03636363636363636,0,0,1.0897016011644833,0,12.636363636363637,0,20.29735086436626,0,43.7759902335028,0.25,1.425,0,3.7606382978723403,12,3.69766889864374,3.406589587350496,2.075,0,0,0,0,0,49.26432457239858,5.531867071477071,0.8478260869565217,0,0,69.17518805544984,0.2777777777777778,33.345197721881256,6.117965367965368,0,17.133333333333333,0,10.703262916334921,0,0,0,0,0,0,36.16666666666667,2.733898305084746,0,5.211340206185567,14.234199134199134,0,63.16264257752077,0,0,14.63151400027678,0.1875
95 preview,2019-10-30,16.346682595160683,0,20.776035482746092,19.940693901002945,0,1.8224130106849998,1.2303030303030302,0,0,0,1,0,0,0,0.22916666666666666,0,0.3684210526315789,0,0,1.85,0.5,0.4707070707070707,3.333333333333333,0,0,0,0,83.83118044855334,0,0,9.689282647177384,2.0625,0.21428571428571427,773.4818181818182,0,3,0,5.764195466369379,20.906925032541878,16.057310392689253,0,2.3113247863247866,2.083333333333333,2.291407867494824,5.963704999837983,0.7058823529411765,3.383592017738359,103.29836829836829,2.166666666666667,0,0,5,1.8186813186813189,0,0,0,29.769123420439207,2.2696629213483144,39.17717271684842,79.8364105198279,5.504273504273504,0.29444444444444445,0,0,7.2,13.892244683421152,28.139181286549707,112.23167855536276,0,13,1.7142857142857144,0,0,12.238013136289,0,2.2080357142857143,2,0,0,6.642857142857142,26,24.690772385509227,0,0,90.5146564187609,0,10.53443287037037,2.2529850746268654,15.269949494949493,223.91180555555556,11.668644870883679,0,70.19715331694147,27.330096292596295,0,18.84741506715191,7.293314589190877,4.071343311960224,0,442.40000000000003,12.325897066643098,22.809227178259256,23.443467591988124,1.3715082059378836,5.282246756130833,39.54182294817504,4.134920634920634,128,29.53556651350769,0,0,13.045269518107915,1.1929347826086956,0.14285714285714285,7.059063914921429,0,105.99280129481792,0,3.464951950254381,0,0.9090909090909091,12,20.50093735168486,31.673230544769492,0,10.215116279069768,0.02127659574468085,0,0,1,0,0,4.467741935483871,267.0443519861502,0,0,5.733333333333333,0.8,8.598484848484848,0,0.3127035830618892,0,0,1,0,0,0,0,0,0,0,0,3.5,0,0,1,0,2.4232804232804233,0.4,19.080840040058742,0,0,4.544914874551972,8.679166666666669,0,0.2574858027878162,45,0.14285714285714285,0,0,22.278688524590166,0,1,2.1657929603320296,0,6.04,1.9683544303797469,0,0,0,0,4,0,0.3611111111111111,0,0,0,11.22504892367906,0,1.5434782608695652,0,0,0.3880597014925373,11.348484848484848,2.5454545454545454,0,1.5615384615384615,0,0,0,0,2.808104858104858,3.725407925407926,739.8472222222222,0,0.14754098360655737,12.655172413793103,3.768650793650794,13.173839143312827,0,2.7399999999999998,0,0,0,0.06666666666666667,3.270833333333333,16.390917188159257,0,2,22.288217408934184,2.4047619047619047,0.03636363636363636,0,0,1.0897016011644833,0,12.636363636363637,0,20.29735086436626,0,54.2759902335028,0.25,1.425,0,3.7606382978723403,12,3.697319704912193,3.781589587350496,2.075,0,0,0,0,0,49.26432457239858,5.500121039731039,0.8478260869565217,0,0,69.17518805544984,0.2777777777777778,33.7007532774368,6.117965367965368,0,17.933333333333334,0,10.828262916334921,0,0,0,0,0,0,36.16666666666667,2.733898305084746,0,5.211340206185567,14.234199134199134,0,64.02418103905923,0,0,14.63151400027678,0.1875
96 preview,2019-11-26,16.346682595160683,0,19.918892625603235,15.863693659281894,0,2.3966095958715883,0.5636363636363636,0,0,0,0,0,0,0,0,0,0,0,0,1.85,0,0.4707070707070707,4.333333333333333,0,0,0,0,78.52398347885637,0,0,14.522615980510716,2.1875,0.21428571428571427,776.3272317772318,0,3,0,5.764195466369379,20.319046244663088,17.261546030469194,0,2.3113247863247866,2.333333333333333,2.2910958904109586,6.220649444282428,0.7058823529411765,3.383592017738359,103.29836829836829,2.166666666666667,0,0,5,1.8186813186813189,0,0,0,31.769123420439207,2.2696629213483144,40.675235917663905,92.01887239346622,6.419367843896146,0.29444444444444445,0,0,13.36,13.877720873897344,29.139181286549707,112.23167855536276,0,14,1.7142857142857144,0,0,12.311183867996316,0,2.4149322660098522,2,0,0,6.690476190476191,28,32.19077238550923,0,0,90.5146564187609,0,10.53443287037037,2.2529850746268654,17.269949494949493,280.2451388888889,11.668644870883679,0,69.78212063720291,29.489235764235765,0,18.84741506715191,8.293314589190878,4.071343311960224,0,445.40000000000003,14.242563733309764,25.54930654333862,23.443467591988124,1.3715082059378836,5.282246756130833,39.54182294817504,4.134920634920634,130,30.497080000021178,0,0,12.050100435982312,1.1929347826086956,0.14285714285714285,7.059063914921429,0,105.33151097223725,0,2.464951950254381,0,0,12,18.834270685018193,23.843632478332832,0,10.215116279069768,0.02127659574468085,0,0,1,0,0,3.5,271.9486604696885,0,0,5.783333333333333,0.8,5.181818181818182,0,0.3127035830618892,0,0,1,0,0,0,0,0,0,0,0,3.5,0,0,1,0,2.204761904761905,0.39285714285714285,19.537361779189172,0,0,4.544914874551972,8.679166666666669,0,0.2574858027878162,45,0.14285714285714285,0,0,22.278688524590166,0,1,1.4045989304812836,0,6.04,1.9683544303797469,0,0,0,0,4,0,0,0,0,0,10.266144814090019,0,1.5434782608695652,0,0,0.3880597014925373,11.166666666666666,2.5454545454545454,0,1.0615384615384615,0,0,0,0,1.9414381914381913,3.725407925407926,739.8472222222222,0,0.14754098360655737,12.655172413793103,3.250793650793651,12.840505809979495,0,2.7399999999999998,0,0,0,0.024390243902439025,2.333333333333333,16.390917188159257,0,1,21.711294332011104,3.3095238095238098,0,0,0,1.0897016011644833,0,12.636363636363637,0,6.032987845487845,0,58.14265690016947,0.25,1.425,0,4.76063829787234,16,3.810864576412706,2.5687517495126584,2.075,0,0,0,0,1,40.94632286879315,6.5201998388359925,0,0,0,65.7948609245975,0,34.6075434008936,6.117965367965368,0,18.133333333333333,0,12.77063579802978,0,0,0,0,0,0,35.16666666666667,2.733898305084746,0,0,16.234199134199134,0,55.2213207384403,0,0,12.983252241585575,0.1875
97 preview,2019-12-20,16.301228049706136,0,18.78986036753872,17.77293917567027,0,2.3968528950078762,0.5636363636363636,0,0,0,0,0,0,0,0,0,0,0,0,1.85,0,0.4707070707070707,5.333333333333333,0,0,0,0,80.19065014552302,0,0,11.522615980510718,1.5208333333333333,0.21428571428571427,163.27768222768225,0,3,0,5.764195466369379,18.573822667427315,17.23091084228979,0,2.3113247863247866,2.333333333333333,2.04296875,4.552777777777778,0.7058823529411765,3.383592017738359,96.29836829836829,2.166666666666667,0,0,4,1.8186813186813189,0,0,0,27.76912342043921,2.2808988764044944,38.18441022959051,39.981835356429194,6.915094339622642,0.29444444444444445,0,0,13.573636363636362,13.877720873897344,8.638878280454367,26.088821412505624,0,14,4,0,0,13.261183867996317,0,5.283035714285714,0,0,0,6.690476190476191,28,34.44077238550923,0,0,5.218360122464601,0,10.53443287037037,1,17.269949494949493,174.2451388888889,13.768644870883676,0,75.76545397053624,29.089235764235767,0,9.775986495723338,5.989743160619449,4.071343311960224,0,294.40000000000003,14.39890591620062,25.602877971910047,21.883107231627765,1.3715082059378836,5.282246756130833,39.54182294817504,3.9563492063492065,127,30.497080000021178,0,0,12.383433769315648,1.1929347826086956,0.14285714285714285,7.05506391492143,0,104.96351097223726,40,18.832768042208407,0,0,12,16.834270685018193,21.957049127043597,0,10.215116279069768,0.02127659574468085,0,0,1,0,0,3.5,274.47694133486806,0,0,5.783333333333333,0.4,2.1818181818181817,0,0.3127035830618892,0,0,1,0,0,0,0,0,0,0,0,3.5,0,0,3.4048387096774193,0,2.1714285714285717,0.36666666666666664,26.19599496930732,0,0,4.544914874551972,8.216666666666667,0,0.07731027361899846,45,0.14285714285714285,0,0,23.278688524590166,0,1,1.4045989304812836,0,6.04,1.9683544303797469,0,0,3,0,4,0,0,0,0,0,10.266144814090019,0,1.5434782608695652,0,0,0,5.166666666666667,1.5454545454545454,0,1.5615384615384615,0,0,0,0,1.9414381914381913,3.725407925407926,739.8472222222222,0,0.14754098360655737,12.655172413793103,0.058823529411764705,12.80479152426521,0,2.7399999999999998,0,0,0,0,2.333333333333333,16.390917188159257,0,1,21.86010385582063,3.238095238095238,0,0,0,1.0897016011644833,0,12.636363636363637,0,6.032987845487845,0,53.540275947788516,0.25,1.425,0,2.7606382978723403,16,3.810864576412706,2.9437517495126584,2.075,0,0,0,0,1,43.94632286879315,7.52465542677855,0,0,0,76.8266816468379,0,28.360967722567356,6.117965367965368,0,18.333333333333332,0,11.307635348187226,0,0,0,0,0,0,35.16666666666667,3.733898305084746,0,0,15.234199134199134,0,55.1744457384403,0,0,11.450624375624376,0.1875
98 preview,2020-01-09,16.301228049706136,0,18.78986036753872,18.38078231292517,0,2.3968528950078762,0.5636363636363636,0,0,0,0,0,0,0,0,0,0,0,0,1.85,0,0.4707070707070707,5.333333333333333,0,0,0,0,80.52398347885637,0,0.014285714285714285,12.398989606884346,1.5208333333333333,0.21428571428571427,162.7416461916462,0,3,0,6.641973244147156,3.9653198653198647,18.402119525801183,0,8.401880341880343,2.333333333333333,2.04296875,4.386111111111111,0.7058823529411765,3.383592017738359,96.29836829836829,3.166666666666667,0,0,4,1.8186813186813189,0,0,0,28.282281315176053,2.2808988764044944,36.26973224065793,39.6022835357009,8,0.29444444444444445,0,0,13.537272727272727,13.565220873897344,8.647250783392089,24.89595141700405,0,15,4,0,0,17.958195362249192,0,6.783035714285714,0,0,0,5.690476190476191,28,34.44077238550923,0,0,7.083178885790827,0,13.896851851851853,1,16.81161616161616,175.2221966205837,14.625787728026534,0,79.42487883682465,10.266923354423353,0,9.451570821307662,5.0599812558575445,4.071343311960224,0,294.40000000000003,14.39890591620062,25.602877971910047,20.53403098146456,1.3715082059378836,5.282246756130833,43.54182294817504,3.9563492063492065,128,30.487922490863667,0,0,13.285502032310117,1.1929347826086956,12.276190476190475,7.05506391492143,0,105.33151097223725,40,12.832768042208404,0,0,12,16.461821705426356,23.40896322601652,0,10.215116279069768,0.02127659574468085,0,0,1,0,0,3.5,287.94127870947665,0,0,5.783333333333333,0.4,2.1818181818181817,0,0.3127035830618892,0,0,1,0,0,0,0,0,0,0,0,3.5,0,0,3.4048387096774193,0,2.1714285714285717,0.36666666666666664,24.86266163597399,0,0,5.444914874551972,8.216666666666667,0,0.07731027361899846,45,0.14285714285714285,0,0,22.278688524590166,0,1,1.4045989304812836,0,6.04,1.9683544303797469,0,0,2,0,4,0,0,0,0,0,10.266144814090019,0,1.5434782608695652,0,0,0,5.166666666666667,1.5454545454545454,0,0.5615384615384615,0,0,0,0,1.9414381914381913,3.725407925407926,739.8472222222222,0,0.32142857142857145,12.655172413793103,0.058823529411764705,14.971458190931877,0,2.7399999999999998,0,0,0,0,2.333333333333333,16.390917188159257,0,1,21.66010385582063,3.238095238095238,0,0,0,1.0897016011644833,0,12.636363636363637,0,6.032987845487845,0,53.540275947788516,0.25,1.425,0,2.7606382978723403,16,3.8058225596059834,2.5687517495126584,2.075,0,0,0,0,1,33.78208835778445,9.123302300752567,0,0,0,76.8266816468379,0,28.410350438616735,6.617965367965368,0,7.333333333333333,0,11.283846107365953,0,0,0,0,0,0,33.16666666666667,2.733898305084746,0,0,16.234199134199134,0,52.9244457384403,0,0,11.450624375624376,0.1875
100 preview,2020-02-06,17.467894716372804,0,18.72534423850646,22.214037950205466,0,2.416816149033722,0.5636363636363636,0,0,0,0,0,0,0,0,0,0,0,0,1.85,0,0,4.333333333333333,0,0,0,0,79.69065014552302,0,0,12.506132464027203,1.4875,0.21428571428571427,160.69968814968814,0,4,0,6.641973244147156,3.9653198653198647,19.202119525801184,0,8.401880341880343,2.333333333333333,2.0394477317554243,4.386111111111111,0.7058823529411765,3.383592017738359,96.29836829836829,3.166666666666667,0,0,4,1.8186813186813189,0,0,0,28.282281315176053,2.2808988764044944,38.27890655258454,39.6022835357009,4,0.29444444444444445,0,0,11.537272727272727,13.565220873897344,9.616000783392089,24.89595141700405,0,15,4,0,0,18.624862028915857,0,10.633035714285715,0,0,0,5.690476190476191,29,34.44077238550923,0,0.6666666666666666,7.083178885790827,0,13.896851851851853,1,16.81161616161616,170.7221966205837,14.625787728026534,0,80.42487883682465,11.000256687756687,0,10.451570821307662,5.0599812558575445,4.071343311960224,0,296.40000000000003,14.39890591620062,23.936211305243383,20.53403098146456,1.3715082059378836,5.282246756130833,43.56688560481664,3.9563492063492065,128,30.523636776577955,0,0,11.890346116302448,1.1304347826086956,12.276190476190475,7.05506391492143,0,105.33151097223725,40,12.832768042208404,0,0,12,16.461821705426356,21.880893050577924,0,10.215116279069768,0.02127659574468085,0,0,1,0,0,3.5,292.25471547945006,0,0,5.783333333333333,0.4,2.1818181818181817,0,0.3127035830618892,0,0,1,0,0,0,0,0,0,0,0,3.5,0,0,7.107148667886923,0,2.166666666666667,0.36666666666666664,25.19599496930732,0,0,6.140972222222223,8.216666666666667,0,0.07731027361899846,45,0.14285714285714285,0,0,23.267123287671232,0,1,1.4045989304812836,0,6.04,1.9683544303797469,0,0,2,0,4,0,0,0,0,0,10.266144814090019,0,1.5434782608695652,0,0,0.3880597014925373,5.166666666666667,1.5454545454545454,0,0.5615384615384615,0,0,0,0,1.9414381914381913,3.725407925407926,2282.347222222222,0,0.32142857142857145,12.655172413793103,0.058823529411764705,15.80479152426521,0,2.7399999999999998,0,0,0,0,2.333333333333333,16.390917188159257,0,1.1866666666666668,22.231315977032754,3.238095238095238,0,0,0,1.0897016011644833,0,12.636363636363637,0,6.032987845487845,0,58.44936685687942,0.25,1.425,0,2.7606382978723403,16,3.8183024025722134,2.5687517495126584,2.075,0,0,0,0,1,38.95628190617155,9.495766068868509,0,0,0,77.0049326860968,0,27.104794883061178,6.617965367965368,0,7.333333333333333,0,11.329929410028203,0,0,0,0,0,0,33.16666666666667,4.733898305084746,0,0,14.234199134199134,0,56.8088207384403,0,0,11.450624375624376,0.1875
101 preview,2020-02-20,21.467894716372804,0,18.72534423850646,22.214037950205466,0,3.0583782131899286,0.5636363636363636,0,0,0,0,0,0,0,0,0,0,0,0,1.85,0,0,4.333333333333333,0,0,0,0,80.02398347885637,0,0,12.506132464027203,1.4875,0.21428571428571427,162.69968814968814,0,4,0,6.641973244147156,4.0562289562289555,19.202119525801184,0,8.401880341880343,2.333333333333333,2.0394477317554243,4.386111111111111,0.7058823529411765,3.383592017738359,96.29836829836829,3.166666666666667,0,0,4,1.8186813186813189,0,0,0,30.28228131517605,2.2808988764044944,41.26973224065793,42.6022835357009,4,0.29444444444444445,0,0,11.537272727272727,13.565220873897344,9.616000783392089,24.89595141700405,0,15,4,0,0,18.624862028915857,0,11.966369047619049,0,0,0,5.690476190476191,29,34.44077238550923,0,0.6666666666666666,6.306393171505112,0,13.896851851851853,1,16.81161616161616,171.7221966205837,14.125787728026534,0,80.42487883682465,11.000256687756687,0,10.451570821307662,5.0599812558575445,4.071343311960224,0,297.40000000000003,14.39890591620062,23.936211305243383,20.53403098146456,1.3715082059378836,5.282246756130833,43.56688560481664,3.9563492063492065,128,30.523636776577955,0,0,11.890346116302448,1.1304347826086956,12.276190476190475,7.05506391492143,0,105.58965829366585,40,11.832768042208404,0,0,12,16.461821705426356,20.24755971724459,0,10.215116279069768,0.02127659574468085,0,0,1,0,0,3.5,322.54232850951735,0,0,5.783333333333333,0.4,2.1818181818181817,0,0.3127035830618892,0,0,1,0,0,0,0,0,0,0,0,3,0,0,7.107148667886923,0,2.166666666666667,0.36666666666666664,26.206869673799048,0,0,6.140972222222223,8.216666666666667,0,0.07731027361899846,82,0.14285714285714285,0,0,24.017123287671232,0,1,1.4045989304812836,0,6.04,1.9683544303797469,0,0,2,0,4,0,0,0,0,0,10.266144814090019,0,1.5434782608695652,0,0,0,4.166666666666667,1.5454545454545454,0,0.5615384615384615,0,0,0,0,1.9414381914381913,3.725407925407926,2332.347222222222,0,0.32142857142857145,12.655172413793103,0.05263157894736842,16.804791524265205,0,2.7399999999999998,0,0,0,0,2.333333333333333,16.390917188159257,0,1.1866666666666668,22.677744548461327,3.238095238095238,0,0,0,1.0897016011644833,0,12.636363636363637,0,6.032987845487845,0,62.44936685687942,0.25,1.425,0,2.7606382978723403,16,3.8183024025722134,2.9437517495126584,2.075,0,0,0,0,1,39.617302032998126,10.704264831372631,0,0,0,77.04924762396105,0.7777777777777778,26.827017105283403,6.617965367965368,0,7.333333333333333,0,12.540554457495354,0,0,0,0,0,0,33.16666666666667,4.733898305084746,0,0,15.234199134199134,0,58.41039116534806,0,0,13.268806193806192,0.1875
102 preview,2020-03-06,22.467894716372804,0,18.72534423850646,22.214037950205466,0,4.416816149033722,0.4,0,0,0,0,0,0,0,0,0,0,0,0,1.85,0,0,4.333333333333333,0,0,0,0,78.420448125321,0,0,12.006132464027203,1.4875,0.21428571428571427,162.69968814968814,0,4,0,6.641973244147156,4.936506734006734,19.202119525801184,0,8.401880341880343,2.333333333333333,2.0394477317554243,4.386111111111111,0.7058823529411765,3.383592017738359,96.29836829836829,3.166666666666667,0,0,4,1.8186813186813189,0,0,0,30.28228131517605,2.146067415730337,38.288080864511144,42.6022835357009,4,0.29444444444444445,0,0,12.537272727272727,13.565220873897344,9.616000783392089,24.89595141700405,0,15,4,0,0,18.624862028915857,0,11.966369047619049,0,0,0,5.690476190476191,30,34.44077238550923,0,0.6666666666666666,6.306393171505112,0,13.896851851851853,1,16.81161616161616,171.7221966205837,14.125787728026534,0,80.42487883682465,11.461795149295147,0,10.451570821307662,5.1537312558575445,4.0390852474440955,0,297.40000000000003,14.39890591620062,23.936211305243383,20.53403098146456,1.3715082059378836,5.282246756130833,43.56688560481664,6.9563492063492065,128,30.523636776577955,0,0,9.674836626828222,1.1304347826086956,12.276190476190475,7.05506391492143,0,53.137228034539476,40,1.8327680422084038,0,0,12,16.461821705426356,23.91422638391126,0,10.215116279069768,0.02127659574468085,0,0,1,0,0,3.5,329.7097799854032,0,0,5.783333333333333,0.4,1.6818181818181819,0,0.3127035830618892,0,1,1,0,0,0,0,0,0,0,0,3,0,0,7.107148667886923,0,2.166666666666667,0.36666666666666664,25.873536340465716,0,0,6.140972222222223,8.216666666666667,0,0.07731027361899846,82,0.14285714285714285,0,0,25.017123287671232,0,1,1.4045989304812836,0,6.04,1.9683544303797469,0,0,0,0,4,0,0,0,0,0,10.266144814090019,0,1.5434782608695652,0,0,0,4.166666666666667,1.5454545454545454,0,1.0615384615384615,0,0,0,0,1.9414381914381913,3.725407925407926,2332.347222222222,0,0.32142857142857145,12.655172413793103,0.05,15.80479152426521,0,2.7399999999999998,0,0,0,0,2.333333333333333,16.390917188159257,0,1.1866666666666668,22.138733559450337,3.238095238095238,0,0,0,1.0897016011644833,0,12.636363636363637,0,6.032987845487845,0,65.58729789136217,0.25,1.425,0,2.7606382978723403,16,3.824669327920102,2.8187517495126584,2.075,0,0,0,0,1,43.06730203299813,8.598225238644535,0,0,0,76.95878965738369,0.9321266968325792,23.385995569963622,6.617965367965368,0,7.166666666666667,0,13.572059243032403,0,0,0,0,0,0,44.16666666666667,4.733898305084746,0,0,14.234199134199134,0,58.91039116534806,0,0,13.268806193806192,0.1875
103 preview,2020-03-27,22.467894716372804,0,18.72534423850646,22.214037950205466,0,4.404263847778492,1.2,0,0,0,0,0,0,0,0,0,0,0,0,1.85,0,0,4.333333333333333,0,0,0,0,78.420448125321,0,0,12.006132464027203,1.4875,0.21428571428571427,164.69968814968814,0,4,0,6.641973244147156,5.0793638768638765,19.202119525801184,0,8.401880341880343,2.333333333333333,5.039370078740157,4.691666666666666,0.7058823529411765,4.383592017738359,96.29836829836829,3.166666666666667,0,0,4,1.8186813186813189,0,0,0,32.78228131517605,2.146067415730337,42.288080864511144,45.829556262973625,7,0.29444444444444445,0,0,12.537272727272727,13.565220873897344,9.616000783392089,24.89595141700405,0,17,4,0,0,18.624862028915857,0,13.002732683982686,0,0,0,6.690476190476191,30,34.44077238550923,0,0.6666666666666666,6.306393171505112,0,17.896851851851853,1,16.81161616161616,176.7221966205837,14.125787728026534,0,80.42487883682465,12.461795149295147,0,10.451570821307662,6.727023181323383,4.006827182927966,0,297.40000000000003,14.64890591620062,23.936211305243383,20.53403098146456,1.3715082059378836,5.282246756130833,43.56688560481664,6.9563492063492065,128,30.523636776577955,0,0.06666666666666667,9.674836626828222,1.1304347826086956,12.276190476190475,7.054515725890964,0,54.046751844063294,40,1.8327680422084038,0,0,12,16.39515503875969,39.39238195383154,0,10.215116279069768,0.02127659574468085,0,0,1,0,0,3.5,350.6377047905526,0,0,3.533333333333333,0.4,1.6818181818181819,0,0.3127035830618892,0,0,1,0,0,0,0,0,0,0,0,3,0,0,10.446037556775812,0,2.166666666666667,0.36666666666666664,25.206869673799048,0,0,6.124242424242425,8.216666666666667,3.1587301587301586,0.07731027361899846,19.383333333333333,0.14285714285714285,0,0,24.017123287671232,0,1,1.4045989304812836,0,6.04,1.9683544303797469,0,0,0.6666666666666666,0,4,0,0,0,0,0,10.266144814090019,0,1.5434782608695652,0,0,0.3880597014925373,2.166666666666667,1.5454545454545454,0,1.5615384615384615,0,0,0,0,1.9414381914381913,4.725407925407926,426.7472222222222,0,0.5714285714285714,12.655172413793103,0.047619047619047616,15.80479152426521,0,2.7399999999999998,0,0,0,0,2.333333333333333,16.390917188159257,0,1.1866666666666668,22.709887405604185,3.238095238095238,0,0,0,0.16666666666666666,0,12.636363636363637,0,6.032987845487845,0,69.89467337028938,0.25,1.9290650406504064,0,2.7606382978723403,7,3.824669327920102,2.9437517495126584,2.075,0,0,0,0,0.5,43.96730203299813,9.16826584567357,0,0,0,77.14712994996839,0.9321266968325792,19.448680625285423,1.2846320346320346,0,7.166666666666667,0,13.165262977768396,0,0,0,0,0,0,44.16666666666667,4.733898305084746,0,0,15.234199134199134,0,59.25182942057941,0,0,14.602139527139526,0.1875
104 preview,2020-04-09,22.467894716372804,0,18.72534423850646,22.214037950205466,0,4.40395134235305,1.2,0,0,0,0,0,0,0,0,0,0,0,0,1.85,0,0,4.333333333333333,0,0,0,0,78.75378145865434,0,0,12.648734959570874,1.4875,0.21428571428571427,163.69968814968814,0,4,0,6.641973244147156,8.809020739608973,19.335601668658327,0,8.401880341880343,2.333333333333333,6.039370078740157,4.691666666666666,0.7058823529411765,4.383592017738359,97.29836829836829,3.166666666666667,0,0,4,1.8186813186813189,0,0,0,33.03228131517605,2.146067415730337,45.3187751673767,44.329556262973625,7,0.29444444444444445,0,0,12.537272727272727,13.565220873897344,6.616000783392088,24.89595141700405,0,16,4,0,0,18.624862028915857,0,12.986066017316018,0,0,0,6.690476190476191,30,34.44077238550923,0,0.6666666666666666,6.306393171505112,0,17.896851851851853,1,16.844949494949496,175.7221966205837,13.732136934375742,0,80.42487883682465,14.328461815961816,0,11.451570821307662,5.727023181323383,4.006827182927966,0,178.19999999999996,14.64890591620062,23.936211305243383,27.53403098146456,1.3412051756348533,5.282246756130833,43.56688560481664,6.9563492063492065,125,30.523636776577955,0,0.06666666666666667,9.901027103018698,1.1304347826086956,12.276190476190475,7.054515725890964,0,54.046751844063294,40,1.8327680422084038,0,0,12,16.39515503875969,38.06813952958911,0,10.215116279069768,0.02127659574468085,0,0,1,0,0,3.5,355.4513989358059,0,0,3.533333333333333,0.4,1.6818181818181819,0,0.3127035830618892,0,0,1,0,0,0,0,0,0,0,0,3,0,0,10.396037556775813,0,2.05632183908046,0.36666666666666664,25.373536340465716,0,0,6.124242424242425,8.216666666666667,3.1587301587301586,0.07731027361899846,20.166666666666664,0.47619047619047616,0,0,24.017123287671232,0,1,1.4045989304812836,0,6.04,1.9683544303797469,0,0,0.6666666666666666,0,4,0,0,0,0,0,10.266144814090019,0,1.5434782608695652,0,0,0,2.166666666666667,1.5454545454545454,0,0.5615384615384615,0,0,0,0,1.9414381914381913,4.725407925407926,426.7472222222222,0,0.5714285714285714,12.655172413793103,0.047619047619047616,15.80479152426521,0,2.7399999999999998,0,0,0,0,2.333333333333333,16.390917188159257,0,1.1866666666666668,21.47531811721467,3.238095238095238,0,0,0,0.16666666666666666,0,12.636363636363637,0,6.032987845487845,0,66.66819253405245,0.25,1.9290650406504064,0,3.5106382978723403,11,3.824669327920102,2.5687517495126584,2.075,0,0,0,0,0,43.96730203299813,9.177328491769305,0,0,0,80.9037642351866,0.9321266968325792,23.416554012457052,1.2846320346320346,0,7.166666666666667,0,13.898596311101727,0.2857142857142857,0,0,0,0,0,44.16666666666667,4.733898305084746,0,0,16.234199134199134,0,62.25182942057941,1.125,0,13.12594905094905,0.1875
105 preview,2020-04-25,20.467894716372804,0,18.72534423850646,24.229266376601405,0,4.379055076792884,1.2,0,0,0,0,0,0,0,0,0,0,0,0,1.85,0,0,4.333333333333333,0,0,0,0,78.420448125321,0,0,14.353863164699078,1.4875,0.21428571428571427,162.69968814968814,0,4,0,6.641973244147156,9.489020739608975,19.335601668658327,0,8.401880341880343,2.333333333333333,3.1176470588235294,2.691666666666667,0.7058823529411765,4.383592017738359,97.38170163170162,3.166666666666667,0,0,4,1.8186813186813189,0,0,0,34.03228131517605,2.146067415730337,45.32794947930331,45.329556262973625,7,0.29444444444444445,0,0,12.537272727272727,14.565220873897344,8.616000783392089,22.89595141700405,0,17,4,0,0,20.624862028915857,0,12.986066017316018,0,0,0,6.690476190476191,31,34.44077238550923,0,0.6666666666666666,6.306393171505112,0,17.896851851851853,1,16.81161616161616,176.7221966205837,13.398803601042406,0,81.42487883682465,13.328461815961814,0,11.492479912216753,5.727023181323383,4.006827182927966,3,178.19999999999996,15.767953535248239,23.936211305243383,34.534030981464554,1.3412051756348533,5.282246756130833,43.56688560481664,7.9563492063492065,128,31.523636776577955,0,0.06666666666666667,9.901027103018698,1.1304347826086956,12.276190476190475,7.054515725890964,0,54.046751844063294,40,6.8327680422084045,0,0,12,0.4,36.46813952958911,0,10.215116279069768,0.02127659574468085,0,0,0,0,0,3.5,359.8180150020964,0,0,0.05,0.4,1.6818181818181819,0,0.3127035830618892,0,0,1,0,0,0,0,0,0,0,0,3,0,0,10.396037556775813,0,2.05632183908046,0.36666666666666664,26.373536340465716,0,0,6.124242424242425,7.216666666666667,3.1587301587301586,0.07731027361899846,20.166666666666664,0.47619047619047616,0,0,24.017123287671232,0,1,1.4045989304812836,0,6.04,2.997766195085629,0,0,0,0,4,0,0,0,0,0,9.49404761904762,0,1.5434782608695652,0,0,0,3.1808510638297873,1.5454545454545454,0,1.0615384615384615,0,0,0,0,1.9414381914381913,4.725407925407926,426.7472222222222,0,0.5714285714285714,12.655172413793103,0.2200328407224959,15.80479152426521,0,2.7399999999999998,0,0,0,0,2.333333333333333,16.390917188159257,0,1.1866666666666668,21.67531811721467,3.238095238095238,0,0,0,0.16666666666666666,0,12.636363636363637,0,6.032987845487845,0,68.09091600940751,0.25,1.9290650406504064,0,3.5106382978723403,11,3.824669327920102,2.9437517495126584,2.2,0,0,0,0,0,50.84230203299813,10.964268182229501,0,0,0,82.00982117534875,0.9321266968325792,22.583220679123723,1.2846320346320346,0,7.166666666666667,0,14.145950808456224,0.2857142857142857,0,0,0,0,0,44.16666666666667,4.733898305084746,0,0,15.234199134199134,0,62.25182942057941,1.125,0,12.169427311818616,0.1875
