sha,date,chrome-version,chrome,firefox-version,firefox,safari-version,safari
75bc93d7d93eb39a83b4f862872976858d9cb0e2,2019-01-01,71.0.3578.98,0.9397792683506969,64.0,0.9531362288505145,12.0.1,0.9096772275343704
2e3e80c3b4c3652ff7a1be9118665bbd6d3b9ae7,2019-01-02,71.0.3578.98,0.9397792683506969,64.0,0.9531362288505145,12.0.1,0.9096772275343704
4e6563687b9c03d2f54ce0f06ef0ccc8e0964328,2019-01-03,71.0.3578.98,0.9397792683506969,64.0,0.9531362288505145,12.0.1,0.9096772275343704
71e901cf4534417abfabe4d77a317817f5cc09db,2019-01-04,71.0.3578.98,0.9397792683506969,64.0,0.9531362288505145,12.0.1,0.9096772275343704
ac12b3e9488edb436f063b11213e954ae62d5a5e,2019-01-31,72.0.3626.81,0.9473684210526315,65.0,0.9535156925845184,12.0.1,0.9063600030199221
9d402a0e8eb9cd11acd615c6e653e27b7ace0d32,2019-02-01,72.0.3626.81,0.9473684210526315,65.0,0.9535156925845184,12.0.1,0.9063600030199221
0f0b7a7e353421b600ee555bf354d3a98bb603ae,2019-02-02,72.0.3626.81,0.9473684210526315,65.0,0.9535156925845184,12.0.1,0.9063600030199221
78c15447152438264b49f4488683f60ee47d068f,2019-02-03,72.0.3626.81,0.9473684210526315,65.0,0.9535156925845184,12.0.1,0.9063600030199221
18c828feb81aa835e7c9359ae64726d872db6ed4,2019-02-04,72.0.3626.81,0.9473684210526315,65.0,0.9535156925845184,12.0.1,0.9063600030199221
8f48bdf1101b19e416f2f6ccd289aaff6b706af6,2019-02-05,72.0.3626.81,0.9454545454545454,65.0,0.9536096002762668,12.0.1,0.906549174730993
3bbb55915a04548e70c63b7c143a83e0e9d3c5e7,2019-04-02,73.0.3683.86,0.95,66.0.2,0.9620735042735042,12.0.1,0.907483682983683
adc473fd8ff15c3cf48011f0ce6ce83e740d978a,2019-04-03,73.0.3683.86,0.95,66.0.2,0.9640735042735042,12.0.1,0.907483682983683
b8669365b81965f5400d6b13a7783415b44e679d,2019-04-04,73.0.3683.86,0.95,66.0.2,0.9640735042735042,12.0.1,0.907483682983683
055bf244474e8b0f0302555f41d9723e34dfde19,2019-04-05,73.0.3683.103,0.95,66.0.2,0.9640735042735042,12.0.1,0.907483682983683
4688078c2cc6e81651b220f3c1944d956f63046b,2019-04-06,73.0.3683.103,0.95,66.0.2,0.9640735042735042,12.0.1,0.907483682983683
923923a01f38577f471b1e613c4223a21ac027ff,2019-04-07,73.0.3683.103,0.95,66.0.2,0.9640735042735042,12.0.1,0.907483682983683
2221fe343f0f4cb4e4e382bfd43bc8b1e69a98ba,2019-04-08,73.0.3683.103,0.95,66.0.2,0.9640735042735042,12.0.1,0.907483682983683
72e71b28b6b46aa05e9cd8df34f6cc5ee3205af8,2019-04-09,73.0.3683.103,0.95,66.0.2,0.9640735042735042,12.0.1,0.907483682983683
38f02ed8bb05f69ab4b061d17220f8f46709a0a3,2019-04-10,73.0.3683.103,0.95,66.0.2,0.9640735042735042,12.0.1,0.907483682983683
204c508cf54896d817a9244a9fd17eb2a2a236c1,2019-04-11,73.0.3683.103,0.95,66.0.3,0.9640735042735042,12.0.1,0.907483682983683
386d27678c48bf468b8d374e2ba718e32185a5b7,2019-04-12,73.0.3683.103,0.95,66.0.3,0.9620735042735042,12.0.1,0.907483682983683
33385dab3a8948970e657c02306fb862f83c84c8,2019-04-13,73.0.3683.103,0.95,66.0.3,0.9660735042735042,12.0.1,0.907483682983683
3efff9b2d66aed3d8e2061205069883fd54df2be,2019-04-14,73.0.3683.103,0.95,66.0.3,0.9660735042735042,12.0.1,0.907483682983683
1a9adfc150fb7e048e24f5a2e2f97ba7df340752,2019-04-15,73.0.3683.103,0.95,66.0.3,0.9660735042735042,12.1 (13607.1.40.1.5),0.903483682983683
fd0429f0b45f975b25d85256dac33762134952c5,2019-04-16,73.0.3683.103,0.95,66.0.3,0.9660735042735042,12.0.1,0.907483682983683
85e8612e81c8b478c8cac7260436646e48d3f7ae,2019-04-17,73.0.3683.103,0.95,66.0.3,0.9640735042735042,12.0.1,0.907483682983683
20424e735a5e6ac7a474ae35d86c714272aea0e8,2019-04-18,73.0.3683.103,0.95,66.0.3,0.9660735042735042,12.0.1,0.907483682983683
4657e102531b29ebfbf73b547693288c51c8b8c0,2019-04-19,73.0.3683.103,0.95,66.0.3,0.9640735042735042,12.1 (13607.1.40.1.5),0.903483682983683
4657e102531b29ebfbf73b547693288c51c8b8c0,2019-04-20,73.0.3683.103,0.95,66.0.3,0.9660735042735042,12.0.1,0.907483682983683
1e92c65f6c2515ca653393d297abf1ac82130577,2019-04-21,73.0.3683.103,0.95,66.0.3,0.9660735042735042,12.0.1,0.907483682983683
8f35eec39a68b77c04b4dbe1f108e4fd86ad7afc,2019-04-22,73.0.3683.103,0.95,66.0.3,0.9660735042735042,12.0.1,0.907483682983683
83d93704f0cb36dd9fa3f45dd3e4b34990e934e6,2019-04-23,73.0.3683.103,0.95,66.0.3,0.9660735042735042,12.0.1,0.907483682983683
7a7e16ad8d1a1b843340f47101c0a5c24c9bba57,2019-04-24,74.0.3729.108,0.956,66.0.3,0.9660735042735042,12.1 (13607.1.40.1.5),0.903483682983683
5fbf8edf24694293d08ecc5f110c527a897d0150,2019-04-25,74.0.3729.108,0.956,66.0.3,0.9660735042735042,12.1 (13607.1.40.1.5),0.903483682983683
d3cf77a7b8c20c678b725238eaa8a72eca3787ae,2019-04-26,74.0.3729.108,0.956,66.0.3,0.9660735042735042,12.1 (13607.1.40.1.5),0.903483682983683
4accec3d14ccdc7b170017c0df299b954019f06f,2019-04-27,74.0.3729.108,0.956,66.0.3,0.9660735042735042,12.0.1,0.907483682983683
301ce26e6c4fdc9c7b04dc86e009835662519c37,2019-04-28,74.0.3729.108,0.956,66.0.3,0.9660735042735042,12.1 (13607.1.40.1.5),0.903483682983683
3b0853b41cdb88c713f2ac3636f5b69c14b31d49,2019-04-29,74.0.3729.108,0.956,66.0.3,0.9660735042735042,12.0.1,0.907483682983683
d73b07b850fa51f23e846518bb6e8c59c58eef19,2019-04-30,74.0.3729.108,0.956,66.0.3,0.9660735042735042,12.0.1,0.907483682983683
c3e967c8c2626478c3942df0cb5c07c1460beb41,2019-05-01,74.0.3729.131,0.956,66.0.3,0.9660735042735042,12.0.1,0.907483682983683
855f4545b0d40e6176711f115193481bab3c599f,2019-05-02,74.0.3729.131,0.9540918163672655,66.0.3,0.9661412218298445,12.0.1,0.9076683462911008
a5cf7dfe7652fc143b9a1c3100e893097d17ef01,2019-05-03,74.0.3729.131,0.9540918163672655,66.0.3,0.9661412218298445,12.0.1,0.9076683462911008
36bd2b98bf59a2e9644d65ab2c7a49abf311911f,2019-05-04,74.0.3729.131,0.952191235059761,66.0.3,0.9662086695951237,12.0.1,0.9078522738881305
6ada53a180e4f4d07111ff11a3bf37a8de6ac3d9,2019-05-05,74.0.3729.131,0.952191235059761,66.0.3,0.9662086695951237,12.0.1,0.9078522738881305
cff57ca49eccc9be2499a1993e3e9ee7d0e35503,2019-05-07,74.0.3729.131,0.9502982107355865,66.0.4,0.9662758491784337,12.0.1,0.9080354701627068
36b5d2e074d7fe19c027c1659640c53212096b53,2019-05-08,74.0.3729.131,0.9502982107355865,66.0.5,0.9662758491784337,12.0.1,0.9080354701627068
4daa4a007ad3512b841bd8d9ca2bf8d589ba7096,2019-05-09,74.0.3729.131,0.9503968253968254,66.0.5,0.9663427621760955,12.0.1,0.9082179394679395
f3248c35c979b8d4a2f3ad7faa028e0d2667044a,2019-05-10,74.0.3729.131,0.9503968253968254,66.0.5,0.9663427621760955,12.0.1,0.9082179394679395
ce08475d48507109756fab44dbea70eeb2ab171f,2019-05-11,74.0.3729.131,0.9503968253968254,66.0.5,0.9663427621760955,12.0.1,0.9082179394679395
0c79d0d99c720f679fa089374971778e461e6662,2019-05-12,74.0.3729.131,0.9503968253968254,66.0.5,0.9663427621760955,12.0.1,0.9082179394679395
230bfb8583f71ec71dd2a55917829f431e58a3cf,2019-05-13,74.0.3729.131,0.9503968253968254,66.0.5,0.9663427621760955,12.0.1,0.9082179394679395
24278ab61781de72ed363b866ae6b50b86822b27,2019-05-14,74.0.3729.131,0.9503968253968254,66.0.5,0.9663427621760955,12.0.1,0.9082179394679395
453c1f5a4935c6b76ec60f534ae9a1018a1c3781,2019-05-15,74.0.3729.157,0.9525691699604744,66.0.5,0.9664757947366642,12.0.1,0.9066044298257737
e8b0b32310adb69c925b204fa559c8d6cbe06e31,2019-05-16,74.0.3729.157,0.9525691699604744,66.0.5,0.964499510151684,12.0.1,0.9066044298257737
2baa3391fc18cd58b1c2af8dbbbc2a18936c23b4,2019-05-17,74.0.3729.157,0.9512670565302144,66.0.5,0.9532880158611152,12.0.1,0.9059295155786384
e90af5ab4b2018bc2635e3e3589b89fc7235eb5e,2019-05-18,74.0.3729.157,0.9512670565302144,66.0.5,0.9630346045550724,12.0.1,0.9059295155786384
9f7c5d9b42a284ac5448891b10985b15444cc3a4,2019-05-19,74.0.3729.157,0.9494163424124513,66.0.5,0.9631065216668329,12.0.1,0.9061125320852947
6777c592f4895dc043a8a3f25974fcc83e8cb598,2019-05-20,74.0.3729.157,0.9494163424124513,66.0.5,0.9631065216668329,12.0.1,0.9061125320852947
b37f920d7ae000db89e08daa16a82d0dda1bacef,2019-05-21,74.0.3729.157,0.9496124031007752,66.0.5,0.9593735506526204,12.0.1,0.9026004680074448
e9b2f877b4333b51cd309a9d5ba6cbbab6b5b173,2019-05-22,74.0.3729.169,0.9496124031007752,67.0,0.9593735506526204,12.0.1,0.9026004680074448
6ff40879619f05621e66a3913ab11723d65ef05f,2019-05-23,74.0.3729.169,0.9496124031007752,67.0,0.9593735506526204,12.0.1,0.9026004680074448
512a587ab7eef3cfe1d3ebee1a672ce108bd7975,2019-05-25,74.0.3729.169,0.9496124031007752,67.0,0.9593735506526204,12.0.1,0.9026004680074448
549968e3d92c4f5bcc1d7a665ba620fb47b1336d,2019-05-26,74.0.3729.169,0.9496124031007752,67.0,0.9593735506526204,12.0.1,0.9026004680074448
a4df0fa7be958c11e80caf57fd36c935d11a2a34,2019-05-27,74.0.3729.169,0.9496124031007752,67.0,0.9593735506526204,12.0.1,0.9026004680074448
dfea0b6184416833fe6114d652dc0cd115645cb7,2019-05-28,74.0.3729.169,0.9496124031007752,67.0,0.9593735506526204,12.0.1,0.9026004680074448
3160ff63375b5e2522c4804dd3ddc8732a288d60,2019-05-29,74.0.3729.169,0.9496124031007752,67.0,0.9593735506526204,12.0.1,0.9026004680074448
4b7986331d2e2ee1e63ed42e392d36946904327c,2019-05-30,74.0.3729.169,0.9496124031007752,67.0,0.9593735506526204,12.0.1,0.9026004680074448
1a853e011a7ee51b9c3d21214dc2f11f661f0b71,2019-05-31,74.0.3729.169,0.9496124031007752,67.0,0.9593735506526204,12.0.1,0.9026004680074448
0230c92b64304a56546804610a8e87cff486bf4f,2019-06-01,74.0.3729.169,0.9497098646034816,67.0,0.9594521317925573,12.0.1,0.9027888616863472
14a5a020a8656b02ea8ecb0ce5249c63135b5c6d,2019-06-02,74.0.3729.169,0.9497098646034816,67.0,0.9594521317925573,12.1 (13607.1.40.1.5),0.8989203897327689
87fea094d82bac92f1ab5585aca19a785f841c23,2019-06-04,74.0.3729.169,0.9498069498069498,67.0,0.9595304095304095,12.1 (13607.1.40.1.5),0.8991155241155242
c027c41a085a874404922c638387c97df74b4ebf,2019-06-05,75.0.3770.80,0.9536679536679536,67.0.1,0.9595304095304095,12.1 (13607.1.40.1.5),0.8991155241155242
6a9b97ac6d224b2a4d238d1fe1a7f61e70888970,2019-06-06,75.0.3770.80,0.9536679536679536,67.0.1,0.9595304095304095,12.1.1 (13607.2.6.1.2),0.8991155241155242
e646125ea5608cdf3f8a95a3b4fec7acdabefd5b,2019-06-08,75.0.3770.80,0.9536679536679536,67.0.1,0.9595304095304095,12.1.1 (13607.2.6.1.2),0.8991155241155242
e7b1c6eb7d9a419fa441dad5241ce7c54a73c284,2019-06-09,75.0.3770.80,0.9536679536679536,67.0.1,0.9595304095304095,12.0.1,0.902976527976528
e360ebb2f9363b2a31d813b8c77c69b6bb52fc86,2019-06-10,75.0.3770.80,0.9536679536679536,67.0.1,0.9595304095304095,12.0.1,0.902976527976528
98e7dd165abaa328e9a95800f2be3635896d9f05,2019-06-11,75.0.3770.80,0.953757225433526,67.0.1,0.9576816033463432,12.0.1,0.9031634710825462
eb12be23e4b86154ea3822fa8d048f4cce43ab55,2019-06-13,75.0.3770.80,0.9519230769230769,67.0.2,0.9577629848783694,12.0.1,0.9033496951766183
9bb8217b7e6e5a2174522159bebc42fe4e401107,2019-06-14,75.0.3770.90,0.9519230769230769,67.0.2,0.9577629848783694,12.0.1,0.9033496951766183
aabf9f66668fda2ee496129a624d215213bc7bd9,2019-06-15,75.0.3770.90,0.9519230769230769,67.0.2,0.9577629848783694,12.0.1,0.9033496951766183
4100d1d51b885185c50902397f7d203d89efc24c,2019-06-16,75.0.3770.90,0.9519230769230769,67.0.2,0.9577629848783694,12.0.1,0.9033496951766183
4be1e7e7b78712303076819ef8a6b3f055ebbb3c,2019-06-18,75.0.3770.90,0.9519230769230769,67.0.2,0.9577629848783694,12.0.1,0.9033496951766183
b6c9dcc49399713645c3b956289accc4f76a0792,2019-06-19,75.0.3770.100,0.9538461538461539,67.0.3,0.9577629848783694,12.0.1,0.9033496951766183
43ef8451989ca9be29d55ca88cb80a1ab90030a1,2019-06-20,75.0.3770.100,0.9520153550863724,67.0.3,0.9578440540052824,12.0.1,0.9035352043989281
9c6304b71c5ee090ebc1eef02ab32b70444d9704,2019-06-21,75.0.3770.100,0.9520153550863724,67.0.4,0.9578440540052824,12.1.1 (13607.2.6.1.2),0.8996964328058379
47b08c15495e05fa73e243736742851109198af1,2019-06-22,75.0.3770.100,0.9520153550863724,67.0.4,0.9578440540052824,12.1.1 (13607.2.6.1.2),0.8996964328058379
59d66218e856ee8365dd6edb4dfb6b13b96cc711,2019-06-25,75.0.3770.100,0.9501915708812261,67.0.4,0.9579248125225136,12.1.1 (13607.2.6.1.2),0.8998885852334129
66dc9c93f2c8ebd7c8fdc28fae20d92713c97806,2019-06-26,75.0.3770.100,0.9501915708812261,67.0.4,0.9579248125225136,12.1.1 (13607.2.6.1.2),0.8998885852334129
b8cdc9bf2f140359cc60c30241675461e6a0a71a,2019-08-23,76.0.3809.100,0.9527725563909775,68.0.2,0.9592940685045948,12.1.2 (13607.3.10),0.8977760178418074
449d483adbc38cb77e07da93bf871f6f9a5db803,2019-08-24,76.0.3809.100,0.9527725563909775,68.0.2,0.9592940685045948,12.1.2 (13607.3.10),0.8977760178418074
009615cf4448b4e634ac91e24b20392898a0b17d,2019-08-25,76.0.3809.100,0.9527725563909775,68.0.2,0.9592940685045948,12.1.2 (13607.3.10),0.8977760178418074
5bb0fcbe1a11bf500f4e2d0d84bd351544828f21,2019-08-27,76.0.3809.132,0.9527725563909775,68.0.2,0.9592940685045948,12.1.2 (13607.3.10),0.8977760178418074
b690813a7231b0891fed00e7397b441b58ef0cb8,2019-08-28,76.0.3809.132,0.9527725563909775,68.0.2,0.9592940685045948,12.1.2 (13607.3.10),0.8977760178418074
cb808982deeb57212fb856858c1a7716d0ac2ecb,2019-08-30,76.0.3809.132,0.9527725563909775,68.0.2,0.9592940685045948,12.1.2 (13607.3.10),0.8977760178418074
c34b04b97e387dd3aa8cdd6a390731d947a76e77,2019-08-31,76.0.3809.132,0.9527725563909775,68.0.2,0.9592940685045948,12.1.2 (13607.3.10),0.8977760178418074
8509904597cfaa936f973569b9b7d8843787a3b6,2019-09-01,76.0.3809.132,0.9527725563909775,68.0.2,0.9592940685045948,12.1.2 (13607.3.10),0.8977760178418074
629e3ba6a9e50c2fadef93e7dece7fff1711e824,2019-09-02,76.0.3809.132,0.9527725563909775,68.0.2,0.9592940685045948,12.1.2 (13607.3.10),0.8977760178418074
ae967821569a513a3136705a9f322a9b22b2e641,2019-09-03,76.0.3809.132,0.9527725563909775,68.0.2,0.9592940685045948,12.1.2 (13607.3.10),0.8977760178418074
08e6411a9cb36e4e7987d24ddb31e1d62690e1cb,2019-09-04,76.0.3809.132,0.9527725563909775,69.0,0.9592940685045948,12.1.2 (13607.3.10),0.8977760178418074
7561b155e100d0db088c9185457eb611313f6807,2019-09-05,76.0.3809.132,0.9528611632270169,69.0,0.9593704398582448,12.1.2 (13607.3.10),0.8979678076770009
820f0f86047e6e26401e028fb6d0da43c84e6aab,2019-09-08,76.0.3809.132,0.9492990654205608,69.0,0.959833852544133,12.1.2 (13607.3.10),0.8983492364333486
07f11952d51b9e7dc915d797bfc2cdb6d97be316,2019-09-10,76.0.3809.132,0.9492990654205608,69.0,0.959833852544133,12.1.2 (13607.3.10),0.8983492364333486
305ef9380c25d2a0262e38499d9e501aa61ee201,2019-09-12,77.0.3865.75,0.9511682242990654,69.0,0.959833852544133,12.1.2 (13607.3.10),0.8983492364333486
b1cd3ae6f6d814102f128ec2fb39850bdd87e3bd,2019-09-13,77.0.3865.75,0.9511682242990654,69.0,0.959833852544133,12.1.2 (13607.3.10),0.8983492364333486
bf42dca1ce568ce559d5a4cad507239035b91dcb,2019-09-15,77.0.3865.75,0.949393656716418,69.0,0.9599087893864015,12.1.2 (13607.3.10),0.8966732117385103
3472889e27404a9b3c893845156848a0c5fbda9b,2019-09-18,77.0.3865.75,0.949393656716418,69.0,0.9599087893864015,12.1.2 (13607.3.10),0.8966732117385103
b52533c5a60cbd0902dc19d325ab1eb594b59138,2019-09-19,77.0.3865.90,0.9475279850746269,69.0.1,0.9599087893864015,12.1.2 (13607.3.10),0.8966732117385103
6d3088b17a01314dde58a11a7ba0a99e33375e1a,2019-09-20,77.0.3865.90,0.9475279850746269,69.0.1,0.9599087893864015,12.1.2 (13607.3.10),0.8966732117385103
fc9345bfbab209fbb22d77ebdd7f7a604c4e4482,2019-09-21,77.0.3865.90,0.9475279850746269,69.0.1,0.9599087893864015,12.1.2 (13607.3.10),0.8966732117385103
42b4a3fa60fdc4cbb622e3196ed89c4bfae32737,2019-09-22,77.0.3865.90,0.9475279850746269,69.0.1,0.9599087893864015,12.1.2 (13607.3.10),0.8966732117385103
2478ed1b80bce8204980baf73977bdcc1a609f93,2019-09-24,77.0.3865.90,0.9477230483271375,69.0.1,0.9598808048622175,12.1.2 (13607.3.10),0.8971900930544053
e7b232f535cf1ebd0026bd66d1ff3bf096744862,2019-09-25,77.0.3865.90,0.9477230483271375,69.0.1,0.9598808048622175,12.1.2 (13607.3.10),0.8971900930544053
d3a712a2efa2e0eb4c00aee22aef878e1cb845ac,2019-09-26,77.0.3865.90,0.9478200371057514,69.0.1,0.9599552375062579,12.1.2 (13607.3.10),0.8973808349967904
306955e5cfb8dfac801f568ee5aa5356a1b81f7d,2019-09-27,77.0.3865.90,0.9478200371057514,69.0.1,0.9599552375062579,12.1.2 (13607.3.10),0.8973808349967904
4ab3cef83d73c2b6dd3616e0fe9165b3a6eed808,2019-09-28,77.0.3865.90,0.9478200371057514,69.0.1,0.9599552375062579,12.1.2 (13607.3.10),0.8973808349967904
68abc3a55e4dcca5a5fc18c778619af0dee25d77,2019-09-30,77.0.3865.90,0.9478200371057514,69.0.1,0.9599552375062579,12.1.2 (13607.3.10),0.8973808349967904
81b79d799e8f87639725ef965ac16b436b7498bb,2019-10-02,77.0.3865.90,0.9478200371057514,69.0.1,0.9599552375062579,12.1.2 (13607.3.10),0.8973808349967904
c2eb1ace567d212e6faf0fd0a0f3ba97e46c0af7,2019-10-03,77.0.3865.90,0.9478200371057514,69.0.1,0.9599552375062579,12.1.2 (13607.3.10),0.8973808349967904
7cbaaf651d784a5c90fde0ff0b1aa6c029c5f2f3,2019-10-04,77.0.3865.90,0.9478200371057514,69.0.2,0.9599552375062579,12.1.2 (13607.3.10),0.8973808349967904
585aa49b4085875142e37fb10398c2d3dee122f9,2019-10-05,77.0.3865.90,0.9478200371057514,69.0.2,0.9599552375062579,12.1.2 (13607.3.10),0.8973808349967904
daac9dc806e9571ea856253fcc35a94e73d4f711,2019-10-06,77.0.3865.90,0.9478200371057514,69.0.2,0.9599552375062579,12.1.2 (13607.3.10),0.8973808349967904
080acb0967ec06504808de9a25f64290df3d6128,2019-10-07,77.0.3865.90,0.9478200371057514,69.0.2,0.9599552375062579,12.1.2 (13607.3.10),0.8973808349967904
f951c9d8c79e03d656d2427fa5f3e0dce4c6efe5,2019-10-08,77.0.3865.90,0.9478200371057514,69.0.2,0.9599552375062579,12.1.2 (13607.3.10),0.8973808349967904
72fcf2b027ede6465ee5ad9edbab8c8b8bd8c888,2019-10-09,77.0.3865.90,0.9478200371057514,69.0.2,0.9599552375062579,13.0.1 (13608.2.11.1.10),0.8973808349967904
ce015c1b52fafc4de1d43f43e6ae27c100f5600c,2019-10-10,77.0.3865.90,0.9478200371057514,69.0.2,0.9599552375062579,13.0.1 (13608.2.11.1.10),0.8973808349967904
f9c9d79390a64bc16ae43ee3ab7e4c91c42b4c00,2019-10-11,77.0.3865.120,0.9478200371057514,69.0.3,0.9599552375062579,13.0.1 (13608.2.11.1.10),0.8973808349967904
0ab72f38a06396ba83cacc1ddfcfb85b465f6634,2019-10-13,77.0.3865.120,0.9478200371057514,69.0.3,0.9599552375062579,13.0.1 (13608.2.11.1.10),0.8973808349967904
823aecebaa2c04fd357c017849ed618107f9fa1b,2019-10-14,77.0.3865.120,0.9478200371057514,69.0.3,0.9599552375062579,13.0.1 (13608.2.11.1.10),0.8973808349967904
20a55f606de85d95a46cd19b423c9215cb39898c,2019-10-15,77.0.3865.120,0.9478200371057514,69.0.3,0.9599552375062579,13.0.1 (13608.2.11.1.10),0.8973808349967904
50fa6ade9bda8c138ee37878c8442f33af09cb7d,2019-10-16,77.0.3865.120,0.9478200371057514,69.0.3,0.9599552375062579,13.0.1 (13608.2.11.1.10),0.8973808349967904
1a585338664a093cd5b73843c005af2fcb2a51ae,2019-10-17,77.0.3865.120,0.9478200371057514,69.0.3,0.9599552375062579,13.0.1 (13608.2.11.1.10),0.8973808349967904
96e065ccc59ed24d150e900e9743e5c48b5e964b,2019-10-18,77.0.3865.120,0.9478200371057514,69.0.3,0.9599552375062579,13.0.1 (13608.2.11.1.10),0.8973808349967904
42b683c0faeeced71e36afce8e8dbb41e924fae7,2019-10-19,77.0.3865.120,0.9480129390018485,69.0.3,0.9582548484581755,13.0.1 (13608.2.11.1.10),0.8977602034441221
4e9c00e23f9b786eb7f2927cd501714c98196e4d,2019-10-20,77.0.3865.120,0.9480129390018485,69.0.3,0.9582548484581755,13.0.1 (13608.2.11.1.10),0.8977602034441221
02fae42fbd22ae0bbf0963dfb525520fa30e174a,2019-10-21,77.0.3865.120,0.9480129390018485,69.0.3,0.9582548484581755,13.0.1 (13608.2.11.1.10),0.8977602034441221
fee6738f9523f5e257accfaea8ddfef2e28cfbcd,2019-10-22,77.0.3865.120,0.9480129390018485,69.0.3,0.9582548484581755,13.0.1 (13608.2.11.1.10),0.8977602034441221
e68120da0fb52f010f206f3ecc63cfa09885b0f4,2019-10-24,78.0.3904.70,0.9517988929889298,70.0,0.958331869032976,13.0.1 (13608.2.11.1.10),0.9034838931056643
bee8fe07402f7f919688a16ac13def147b79a6eb,2019-10-25,78.0.3904.70,0.9517988929889298,70.0,0.958331869032976,13.0.1 (13608.2.11.1.10),0.9034838931056643
378214a209fc0315e702fbffdc74b1c0ee20023f,2019-10-26,78.0.3904.70,0.9518876611418048,70.0,0.958408605922418,13.0.1 (13608.2.11.1.10),0.9036616391588768
5e02df432f155f4ecc9d8b3aae2992ee78641548,2019-10-27,78.0.3904.70,0.9518876611418048,70.0,0.958408605922418,13.0.1 (13608.2.11.1.10),0.9036616391588768
2a8f52c0373a512b4802be46d1648c88303a8c3c,2019-10-28,78.0.3904.70,0.9518876611418048,70.0,0.958408605922418,13.0.1 (13608.2.11.1.10),0.9036616391588768
d8c991aa1b82e509d6e334b1ac593e4c5111dce8,2019-10-29,78.0.3904.70,0.9518876611418048,70.0,0.958408605922418,13.0.1 (13608.2.11.1.10),0.9036616391588768
971bd53b84e2f7103052265afc540c54faef69ae,2019-10-30,78.0.3904.70,0.9518876611418048,70.0,0.958408605922418,13.0.1 (13608.2.11.1.10),0.9036616391588768
fa36b9ea80e72f62492065917550a194306ab3b1,2019-10-31,78.0.3904.70,0.9518876611418048,70.0,0.958408605922418,13.0.1 (13608.2.11.1.10),0.9036616391588768
f355fee8497e96d9da6f96bde38152b0be060783,2019-11-01,78.0.3904.87,0.9518876611418048,70.0.1,0.958408605922418,13.0.1 (13608.2.11.1.10),0.9036616391588768
e76f87b52667b3e8b43285e72b654bfa7cb8ace9,2019-11-02,78.0.3904.87,0.9518876611418048,70.0.1,0.958408605922418,13.0.1 (13608.2.11.1.10),0.9036616391588768
424249088dd679888e07bd315dd8ebc98ccf323a,2019-11-03,78.0.3904.87,0.9518876611418048,70.0.1,0.958408605922418,13.0.1 (13608.2.11.1.10),0.9036616391588768
29675aba0993eb9543825568753a1b01385c7c28,2019-11-13,78.0.3904.97,0.9520642201834862,70.0.1,0.956726372506189,13.0.3 (13608.3.10.10.1),0.9040151744280185
3ee67ef03aeee31247ee1b5aca3e91ddef4fdfd8,2019-11-14,78.0.3904.97,0.9520642201834862,70.0.1,0.956726372506189,13.0.3 (13608.3.10.10.1),0.9040151744280185
97717bdf67db429edf1bdd80daeaed63a2735091,2019-11-15,78.0.3904.97,0.9520642201834862,70.0.1,0.956726372506189,13.0.3 (13608.3.10.10.1),0.9040151744280185
295f22bfeb7e6db748e6b0e28c31adfeb498b55d,2019-11-20,78.0.3904.108,0.9522394881170019,70.0.1,0.953228287049128,13.0.3 (13608.3.10.10.1),0.9007098173003109
462f3c4680dc9d4c5dd4740742947cd16d6fc1df,2019-11-21,78.0.3904.108,0.9522394881170019,70.0.1,0.953228287049128,13.0.3 (13608.3.10.10.1),0.9007098173003109
dff3a6865c67b469be3b9bc1f4b318554008931b,2019-11-22,78.0.3904.108,0.9522394881170019,70.0.1,0.953228287049128,13.0.3 (13608.3.10.10.1),0.9007098173003109
51a95630a46ba0804c37abf802b9e50f0be255b3,2019-11-23,78.0.3904.108,0.9522394881170019,70.0.1,0.953228287049128,13.0.3 (13608.3.10.10.1),0.9007098173003109
ff1ea7c77ecee0b8dd39e125bbe59dfdd8b195ec,2019-11-25,78.0.3904.108,0.9522394881170019,70.0.1,0.953228287049128,13.0.3 (13608.3.10.10.1),0.9007098173003109
29cfeaf1ea98a1d05378bfb735575e3e9dbbc72b,2019-11-26,78.0.3904.108,0.9522394881170019,70.0.1,0.953228287049128,13.0.3 (13608.3.10.10.1),0.9007098173003109
5454021b2ea6f85014606a2178a8fd26f1fa5f40,2019-11-27,78.0.3904.108,0.9522394881170019,70.0.1,0.953228287049128,13.0.3 (13608.3.10.10.1),0.9007098173003109
733805e11946718d9a74c2801146fbd30b992ddc,2019-11-28,78.0.3904.108,0.9522394881170019,70.0.1,0.953228287049128,13.0.3 (13608.3.10.10.1),0.9007098173003109
1df8c00a83e403d839fe69957292e4e32c62b84c,2019-11-29,78.0.3904.108,0.9522394881170019,70.0.1,0.953228287049128,13.0.3 (13608.3.10.10.1),0.9007098173003109
28b096731f4582bda6491400941cf0a7f645b45f,2019-12-03,78.0.3904.108,0.9522394881170019,70.0.1,0.953228287049128,13.0.3 (13608.3.10.10.1),0.9007098173003109
eca8c168b2cb04f3f1bf223ca653640df7933c58,2019-12-05,78.0.3904.108,0.9522394881170019,71.0,0.9558399349989843,13.0.3 (13608.3.10.10.1),0.9007098173003109
9f70d312fbc402835eb614e6baa5835e55f8c8f6,2019-12-06,78.0.3904.108,0.9522394881170019,71.0,0.9558399349989843,13.0.3 (13608.3.10.10.1),0.9007098173003109
8f704cc3b3ce17cbda5ea8af66ec3649b50efb29,2019-12-07,78.0.3904.108,0.9522394881170019,71.0,0.9558399349989843,13.0.3 (13608.3.10.10.1),0.9007098173003109
091fc5233ac9af258fbc9faa5eaa4c0a754133b2,2019-12-08,78.0.3904.108,0.9522394881170019,71.0,0.9558399349989843,13.0.3 (13608.3.10.10.1),0.9007098173003109
445af40713119b84d86d3b2d78b10bc1e788fb94,2019-12-09,78.0.3904.108,0.9522394881170019,71.0,0.9558399349989843,13.0.3 (13608.3.10.10.1),0.9007098173003109
928d8accdea0d2e11ae93ff2c0544ed6f2e0ce65,2019-12-10,78.0.3904.108,0.9522394881170019,71.0,0.9558399349989843,13.0.3 (13608.3.10.10.1),0.9007098173003109
81948e1b84299a09d6739451f72ef229644eb7f7,2019-12-11,79.0.3945.79,0.9558957952468007,71.0,0.9558399349989843,13.0.3 (13608.3.10.10.1),0.9007098173003109
276ecb946ba74f402adbbc32f6f102b292d333a0,2019-12-12,79.0.3945.79,0.9558957952468007,71.0,0.9558399349989843,13.0.3 (13608.3.10.10.1),0.9007098173003109
178762b6fce688979e261f3ac808651d2bce0832,2019-12-13,79.0.3945.79,0.9558957952468007,71.0,0.9558399349989843,13.0.3 (14608.3.10.10.1),0.9098505851248082
9c1f9d444653f7e77db11a84b8e1caaed944b29b,2019-12-14,79.0.3945.79,0.9558957952468007,71.0,0.9558399349989843,13.0.3 (14608.3.10.10.1),0.9098505851248082
5e5a9f523a50e6b875223b6ad44d7cdf84eb7195,2019-12-15,79.0.3945.79,0.9558957952468007,71.0,0.9540117814340849,13.0.3 (14608.3.10.10.1),0.9098505851248082
59bdd506100c1c6a0db73f099d95dc5995b49f4a,2019-12-17,79.0.3945.79,0.9558957952468007,71.0,0.9558399349989843,13.0.3 (14608.3.10.10.1),0.9098505851248082
ac1c9f84acdb114a9deb0d4dd4bfec62db6a723d,2019-12-18,79.0.3945.88,0.9558957952468007,71.0,0.9558399349989843,13.0.4 (14608.4.9.1.4),0.9098505851248082
907bbfc36ceed7ad320e5175f329b70be318a854,2019-12-19,79.0.3945.88,0.9558957952468007,71.0,0.9558399349989843,13.0.4 (14608.4.9.1.4),0.9098505851248082
509d9d18175d4b4663ffd083b621f524d3d3f095,2019-12-20,79.0.3945.88,0.9558957952468007,71.0,0.9540117814340849,13.0.4 (14608.4.9.1.4),0.9098505851248082
ba353b09d0874bf884c744da16ab885c0f3bf403,2019-12-22,79.0.3945.88,0.9558957952468007,71.0,0.9558399349989843,13.0.4 (14608.4.9.1.4),0.9098505851248082
b048002b012a8290b7dbdb0f0d685454e8837b6f,2019-12-23,79.0.3945.88,0.9558957952468007,71.0,0.9558399349989843,13.0.4 (14608.4.9.1.4),0.9098505851248082
e936890351047304cdc98d31d555f6d6a068097e,2019-12-24,79.0.3945.88,0.9558957952468007,71.0,0.9558399349989843,13.0.4 (14608.4.9.1.4),0.9098505851248082
7ed322c3132993bcb5734702b40621448670fc76,2019-12-25,79.0.3945.88,0.9558957952468007,71.0,0.9558399349989843,13.0.4 (14608.4.9.1.4),0.9098505851248082
d1e20d6e525ebf9b99876c7f08b14cb268364f79,2019-12-26,79.0.3945.88,0.9558957952468007,71.0,0.9558399349989843,13.0.4 (14608.4.9.1.4),0.9098505851248082
070df683f5a7999245622eec274974903c3560c2,2019-12-28,79.0.3945.88,0.9558957952468007,71.0,0.9558399349989843,13.0.4 (14608.4.9.1.4),0.9098505851248082
6e3355fddd773b0b3f76cabac9cb3f2a101b27d7,2019-12-31,79.0.3945.88,0.9558957952468007,71.0,0.9558399349989843,13.0.4 (14608.4.9.1.4),0.9098505851248082
fda9fa30b9c18f3689f09384c0d4f104c6e6fd4d,2020-01-01,79.0.3945.88,0.9558957952468007,71.0,0.9558399349989843,13.0.4 (14608.4.9.1.4),0.9098505851248082
37a6910565388a7dc76aedd17c3aa74400d39286,2020-01-03,79.0.3945.88,0.9558957952468007,71.0,0.9558399349989843,13.0.4 (14608.4.9.1.4),0.9098505851248082
c5f090c0e768bccdc6b0c7711c4adc2d3311c230,2020-01-04,79.0.3945.88,0.9558957952468007,71.0,0.9558399349989843,13.0.4 (14608.4.9.1.4),0.9098505851248082
52ad8a87fb72bcf6950c20cced0d87f34e26dc81,2020-01-05,79.0.3945.88,0.9558957952468007,71.0,0.9558399349989843,13.0.4 (14608.4.9.1.4),0.9098505851248082
91bd700f07b3fe67d5c582e4ebe954516cd46875,2020-01-06,79.0.3945.88,0.9558957952468007,71.0,0.9558399349989843,13.0.4 (14608.4.9.1.4),0.9098505851248082
e5033e408e557bbd30560fa5aaf96cadb06c3926,2020-01-07,79.0.3945.88,0.9558957952468007,71.0,0.9558399349989843,13.0.4 (14608.4.9.1.4),0.9098505851248082
a16757f509a6b401e70fe3a669e6fe5bb461ea7c,2020-01-08,79.0.3945.117,0.9558957952468007,72.0,0.9594962421287833,13.0.4 (14608.4.9.1.4),0.9098505851248082
0b654aa23ecd6e2f7483bbd6be01bf3c705a4a44,2020-01-09,79.0.3945.117,0.9558957952468007,72.0.1,0.9594962421287833,13.0.4 (14608.4.9.1.4),0.9098505851248082
2a73e37c60b18846d9d2798c845242f209d74644,2020-01-10,79.0.3945.117,0.9558957952468007,72.0.1,0.9594962421287833,13.0.4 (14608.4.9.1.4),0.9098505851248082
b1d8b4ac4dc04fd1da16cb309ed675fa6a07bfd6,2020-01-12,79.0.3945.117,0.9558957952468007,72.0.1,0.9594962421287833,13.0.4 (14608.4.9.1.4),0.9098505851248082
49b2ada87110c2d50daa91c831835a4e1d9f04d9,2020-01-14,79.0.3945.117,0.9558957952468007,72.0.1,0.9594962421287833,13.0.4 (14608.4.9.1.4),0.9098505851248082
606da537b95e54f4f1d53774ec03634f5902bc01,2020-01-17,79.0.3945.130,0.9523266423357665,72.0.1,0.9613949716139497,13.0.4 (14608.4.9.1.4),0.9100150913563323
2f346208c2a115a601b580e7869fe112b97c4246,2020-01-19,79.0.3945.130,0.9523266423357665,72.0.1,0.9613949716139497,13.0.4 (14608.4.9.1.4),0.9100150913563323
12d729aa101686df75bfada4591e66b1d0375ae0,2020-01-20,79.0.3945.130,0.9523266423357665,72.0.1,0.9613949716139497,13.0.4 (14608.4.9.1.4),0.9100150913563323
b3bb7d0e0a97d3b86618271309fa15182938515d,2020-01-21,79.0.3945.130,0.9523266423357665,72.0.2,0.9613949716139497,13.0.4 (14608.4.9.1.4),0.9100150913563323
4d0e11469861b4332e1586fc484b19adad7be9b0,2020-01-22,79.0.3945.130,0.9523266423357665,72.0.2,0.9613949716139497,13.0.4 (14608.4.9.1.4),0.9100150913563323
34b506104bc4f62975ed7417041d8741fa95d676,2020-01-23,79.0.3945.130,0.9523266423357665,72.0.2,0.9613949716139497,13.0.4 (14608.4.9.1.4),0.9100150913563323
b8251ea96a23673c8cb401662c5b0f225d651bd3,2020-01-26,79.0.3945.130,0.9525,72.0.2,0.9597171717171717,13.0.4 (14608.4.9.1.4),0.9103423092059456
e1edaa3dd1bea4415ee88e042affee32028d7f1d,2020-01-27,79.0.3945.130,0.9525,72.0.2,0.9597171717171717,13.0.4 (14608.4.9.1.4),0.9103423092059456
cae87aeeef8698c8be724fd46c6aa1cd93637106,2020-01-28,79.0.3945.130,0.9525,72.0.2,0.9597171717171717,13.0.4 (14608.4.9.1.4),0.9103423092059456
4017c884097baf142893dd7aeebdb972c6832d7c,2020-01-30,79.0.3945.130,0.9525,72.0.2,0.9597171717171717,13.0.4 (14608.4.9.1.4),0.9103423092059456
7b091e1a0644af2c62ec055f35b2f08ff72d6d7b,2020-01-31,79.0.3945.130,0.9525,72.0.2,0.9597171717171717,13.0.4 (14608.4.9.1.4),0.9103423092059456
41d7c3597e5d3128ff3c42bb128781e4c382ba7b,2020-02-01,79.0.3945.130,0.9543181818181818,72.0.2,0.9615353535353535,13.0.4 (14608.4.9.1.4),0.9121604910241274
c67d8f5bdace9762af3ea99417fb5f2140438e14,2020-02-02,79.0.3945.130,0.9543181818181818,72.0.2,0.9615353535353535,13.0.4 (14608.4.9.1.4),0.9121604910241274
5bfe66a9068ede4f0228ace529c3bc7b1a54c202,2020-02-04,79.0.3945.130,0.9543181818181818,72.0.2,0.9615353535353535,13.0.4 (14608.4.9.1.4),0.9121604910241274
e3f453715b7945000cf4a02727fa2fb0f6563e7a,2020-02-05,80.0.3987.87,0.9543181818181818,72.0.2,0.9615353535353535,13.0.4 (14608.4.9.1.4),0.9121604910241274
06fbef7e0a7f4274259bf978dfbff3b036f2c8f4,2020-02-06,80.0.3987.87,0.9543181818181818,72.0.2,0.9615353535353535,13.0.4 (14608.4.9.1.4),0.9121604910241274
20bfb1dcced4eda02e1b3a9b0914fac7a52f702b,2020-02-07,80.0.3987.87,0.9525862068965517,72.0.2,0.9597902802984473,13.0.5 (14608.5.12),0.9105050273380582
9638108f54d9dc82ddb1466cffc87b0548c33961,2020-02-08,80.0.3987.87,0.9525862068965517,72.0.2,0.9597902802984473,13.0.5 (14608.5.12),0.9105050273380582
b9e1acbefa69c86a0be5f43e5e175b60946ed612,2020-02-13,80.0.3987.100,0.953096947935368,73.0,0.9584280869738679,13.0.5 (14608.5.12),0.9096737344044346
c8671a2d15e8c57b652915956312b94a0236a974,2020-02-14,80.0.3987.106,0.953096947935368,73.0,0.9584280869738679,13.0.5 (14608.5.12),0.9096737344044346
8636d919cb3584807955d30ef2c1024cf74e29cc,2020-02-15,80.0.3987.106,0.9513888888888888,73.0,0.9585025886101155,13.0.5 (14608.5.12),0.9080434947370432
8037fe7f0d98f045bc813f3e21f228a2821dca5e,2020-02-16,80.0.3987.106,0.9013157894736842,73.0,0.9420109413318242,13.0.5 (14608.5.12),0.8602517318561461
8debe68e88d3b10393ea3dc5862d4130c663f496,2020-02-17,80.0.3987.106,0.9013157894736842,73.0,0.9420109413318242,13.0.5 (14608.5.12),0.8602517318561461
f26ffc3bd3449cabb4c9823f6b1a225c442b0b69,2020-02-18,80.0.3987.106,0.9013157894736842,73.0,0.9420109413318242,13.0.5 (14608.5.12),0.8602517318561461
977ec8a5295b58b153a2b748a1785449223cae56,2020-02-19,80.0.3987.116,0.9013157894736842,73.0.1,0.9420109413318242,13.0.5 (14608.5.12),0.8602517318561461
9c769beea3baff07abf40eef53de01eee14fc539,2020-02-20,80.0.3987.116,0.9013157894736842,73.0.1,0.9420109413318242,13.0.5 (14608.5.12),0.8602517318561461
832aad69f26a93404829abd0c0f03a5d6a60dc25,2020-02-21,80.0.3987.116,0.9013157894736842,73.0.1,0.9420109413318242,13.0.5 (14608.5.12),0.8602517318561461
cb9c3cad6fbeb2ea8e6cb2424536c95e9be3b557,2020-02-22,80.0.3987.116,0.9013157894736842,73.0.1,0.9420109413318242,13.0.5 (14608.5.12),0.8602517318561461
4ee848f494e37b02a7ff884dc405931bc4fe61b0,2020-02-23,80.0.3987.116,0.9013157894736842,73.0.1,0.9420109413318242,13.0.5 (14608.5.12),0.8602517318561461
9b38d0ac614a4132804b076c461738871689fae7,2020-02-25,80.0.3987.122,0.9013157894736842,73.0.1,0.9420109413318242,13.0.5 (14608.5.12),0.8602517318561461
aaa24a9312d50dccfdcab394bb0078d1daa7e404,2020-02-26,80.0.3987.122,0.9013157894736842,73.0.1,0.9420109413318242,13.0.5 (14608.5.12),0.8602517318561461
e5c76b0950f619b5d4e2178996fa65d482e6fcfb,2020-02-27,80.0.3987.122,0.9013157894736842,73.0.1,0.9420109413318242,13.0.5 (14608.5.12),0.8602517318561461
496499a3188a8da571cbe59e182d555c2a6b8d69,2020-02-28,80.0.3987.122,0.9013157894736842,73.0.1,0.9420109413318242,13.0.5 (14608.5.12),0.8602517318561461
5b01321722a8be92829f9d256f29b7cd1ceb18be,2020-02-29,80.0.3987.122,0.9013157894736842,73.0.1,0.9420109413318242,13.0.5 (14608.5.12),0.8602517318561461
ddf26e73d3f23ef896efc7977d06707e74f46941,2020-03-01,80.0.3987.122,0.9013157894736842,73.0.1,0.9420109413318242,13.0.5 (14608.5.12),0.8602517318561461
855948d1593971ebd9efde7d84f588d8c964bd1d,2020-03-03,80.0.3987.122,0.9013157894736842,73.0.1,0.9420109413318242,13.0.5 (14608.5.12),0.8602517318561461
1cb304fbdb620f02f8ec49b38195936dd9069c91,2020-03-04,80.0.3987.132,0.9013157894736842,73.0.1,0.9420109413318242,13.0.5 (14608.5.12),0.8602517318561461
d487329ed2e95f1dc28151815a27d65bcec5e2d5,2020-03-05,80.0.3987.132,0.9013157894736842,73.0.1,0.9420109413318242,13.0.5 (14608.5.12),0.8602517318561461
f2c1dfe9ae186350086dbe505c4baaab63ace1cc,2020-03-22,80.0.3987.149,0.9030135823429541,74.0,0.9471043199396341,13.0.5 (14608.5.12),0.863647317594686
104b9a23d758ef7c0e148d332a24596580d71b5c,2020-03-23,80.0.3987.149,0.9030135823429541,74.0,0.9471043199396341,13.0.5 (14608.5.12),0.863647317594686
14ff041229db923f83ed1acba0fcdadd72361717,2020-03-24,80.0.3987.149,0.9035050675675675,74.0,0.9473723723723724,13.0.5 (14608.5.12),0.864338294025794
02f02cbb8031628c6352c52d202e1b77223b0cf1,2020-03-25,80.0.3987.149,0.9043132328308208,74.0,0.9478131397729388,13.0.5 (14608.5.12),0.8654744892182077
159891c09f8865250661d3cf8211125096a2986e,2020-03-26,80.0.3987.149,0.9047916666666667,74.0,0.9480740740740741,13.0.5 (14608.5.12),0.8661471167721166
0e8805a731cd00e8ed70927d82f43943b4cda624,2020-03-27,80.0.3987.149,0.9063524590163935,74.0,0.9505646630236794,13.0.5 (14608.5.12),0.8683414263332295
997e66ba5837e2ee7dc2d16ff678c6265cea418e,2020-03-28,80.0.3987.149,0.90625,74.0,0.9458512544802867,13.0.5 (14608.5.12),0.8647525861235539
13cb63ada5e7e1b6accbaa3906f314bef5aad501,2020-03-29,80.0.3987.149,0.9071485623003195,74.0,0.9447728079517217,13.0.5 (14608.5.12),0.8660488872150214
440ec817d7bba000a4481485cdde6afcb62a3ed2,2020-03-30,80.0.3987.149,0.9071485623003195,74.0,0.9447728079517217,13.0.5 (14608.5.12),0.8660488872150214
b52d2076a8681e4a77adef1c1fa9f061281ae083,2020-03-31,80.0.3987.149,0.9078843106180665,74.0,0.9443027741759914,13.0.5 (14608.5.12),0.8655255204383572
99befe437f67d56fd82bb9f9bf3a22b648c6b6aa,2020-04-01,80.0.3987.162,0.9094626168224299,74.0,0.9442835677648763,13.0.5 (14608.5.12),0.8678296003062358
22c551d7626ab35452f7e74e3f59ddac79c8b90f,2020-04-02,80.0.3987.162,0.9091781874039938,74.0,0.9450538410215831,13.0.5 (14608.5.12),0.8696568408549975
1c45545295c1c174583b11c5ed302fc4f23b79d1,2020-04-08,81.0.4044.92,0.9133755588673621,75.0,0.9483681825708653,13.1 (14609.1.20.111.8),0.8811797368056684
248e44b485b2a69c1c25f7c6f64b681b3aca4424,2020-04-18,81.0.4044.113,0.9138888888888889,75.0,0.9486741488963712,13.1 (14609.1.20.111.8),0.883608180141027
8086723599f2bcdcbf54bcecff8cc50038cf939a,2020-04-21,81.0.4044.113,0.9125733137829912,75.0,0.9506672294795463,13.1 (14609.1.20.111.8),0.8843038584729337
0084aa71d4d4935fcbb43bd8122328da9d305098,2020-04-23,81.0.4044.122,0.9135869565217392,75.0,0.9512392036305081,13.1 (14609.1.20.111.8),0.8843627247692869
13868f2aa3ff16f7f338d492e0027c301f07f74c,2020-04-24,81.0.4044.122,0.9135164051355207,75.0,0.9520043516477183,13.1 (14609.1.20.111.8),0.8843627247692869
f8bd87deb2c2a0ea974adb6c64ef013a60188193,2020-04-25,81.0.4044.122,0.9057637906647807,75.0,0.9594838055234096,13.1 (14609.1.20.111.8),0.8768575248419662
f657d26323fe748b534c52480926ae08a4a81332,2020-04-28,81.0.4044.129,0.9057637906647807,75.0,0.9594838055234096,13.1 (14609.1.20.111.8),0.8768575248419662
c88ba15a86aec96a910720df56666b97ea1d45fa,2020-05-01,81.0.4044.129,0.9061619718309859,75.0,0.9596550007113389,13.1 (14609.1.20.111.8),0.8773778451595354
ef4113222efb4cc08100f34f2dd9ab8ecc3660eb,2020-05-02,81.0.4044.129,0.9061619718309859,75.0,0.9596550007113389,13.1 (14609.1.20.111.8),0.8773778451595354
c19e2b60b554e64ad07f25675f659ce76cee9e82,2020-05-03,81.0.4044.129,0.9075704225352113,75.0,0.9596550007113389,13.1 (14609.1.20.111.8),0.8773778451595354
22cd8936944425e1ba32f9da04b67430a9d19d53,2020-05-04,81.0.4044.129,0.9061619718309859,75.0,0.9596550007113389,13.1 (14609.1.20.111.8),0.8773778451595354
2237420ac3aeffa6cdd1ceff6d8b1886fa9005dc,2020-05-05,81.0.4044.129,0.9061619718309859,75.0,0.9596550007113389,13.1 (14609.1.20.111.8),0.8773778451595354
027bdebf6a3052d664903d4488170a16419837ef,2020-05-06,81.0.4044.138,0.9075704225352113,76.0,0.9596550007113389,13.1 (14609.1.20.111.8),0.8773778451595354
ba6082e94163d5f024974ec6e4a65c95ce690829,2020-05-07,81.0.4044.138,0.9050210674157303,76.0,0.9597683293610261,13.1 (14609.1.20.111.8),0.8763177950326828
1d14e74b0ed4d5a991b072a1f50b2f6fc4cc1622,2020-05-08,81.0.4044.138,0.9024859943977591,76.0,0.9570799026681381,13.1 (14609.1.20.111.8),0.8738631233379134
b0f0a12c732142dfa2b4933a1d3ec44a4a88a841,2020-05-09,81.0.4044.138,0.9024859943977591,76.0.1,0.9570799026681381,13.1 (14609.1.20.111.8),0.8738631233379134
46b884903ba0153b2cd9d932504f6b88f57614cf,2020-05-10,81.0.4044.138,0.9041550279329609,76.0.1,0.9571997912081712,13.1 (14609.1.20.111.8),0.8742154609822208
b1c034d31dccb568749e042938db02dd1be2b72c,2020-05-13,81.0.4044.138,0.9027583798882681,76.0.1,0.9571997912081712,13.1 (14609.1.20.111.8),0.8742154609822208
47f7c7004aa06e75ab63e9d1dc575a1e5fdf9f1c,2020-05-14,81.0.4044.138,0.9030292479108635,76.0.1,0.9573190118454744,13.1 (14609.1.20.111.8),0.8745658357427161
257af6a7bd889bf588a438d70f6f01fed9fca66f,2020-05-16,81.0.4044.138,0.903164116828929,76.0.1,0.9573783734423513,13.1 (14609.1.20.111.8),0.87474029216032
e6695b77fc9bb1e5c71ce474c4e7f8784713c754,2020-05-17,81.0.4044.138,0.903164116828929,76.0.1,0.9573783734423513,13.1 (14609.1.20.111.8),0.87474029216032
9d125e099c58a27e70a2f669c5308e98667d38f9,2020-05-18,81.0.4044.138,0.903164116828929,76.0.1,0.9573783734423513,13.1 (14609.1.20.111.8),0.87474029216032
619f6fa4dff862035b18d9adf721ecf599522ea0,2020-05-19,81.0.4044.138,0.9032986111111111,76.0.1,0.9567431257014591,13.1 (14609.1.20.111.8),0.8749142639767641
bede10791c3993b2c31b394c2bd4974677271118,2020-05-20,83.0.4103.61,0.9074652777777777,76.0.1,0.9567431257014591,13.1 (14609.1.20.111.8),0.8749142639767641
9a4d51e62e20e884be7ae37fb0f4523fdb97e439,2020-05-21,83.0.4103.61,0.9075936199722607,76.0.1,0.9568031213662282,13.1 (14609.1.20.111.8),0.875087753208419
31500c8726aeb1871bc5ca19642f5cb94a0e1a92,2020-05-22,83.0.4103.61,0.9075936199722607,76.0.1,0.9568031213662282,13.1 (14609.1.20.111.8),0.875087753208419
77881a0970ec43885f0e7438cc21c18ec141c9ef,2020-05-23,83.0.4103.61,0.9075936199722607,76.0.1,0.9568031213662282,13.1 (14609.1.20.111.8),0.875087753208419
be4a903bca0a01b794bebf486f707c9f8e9e9ff6,2020-05-24,83.0.4103.61,0.9075936199722607,76.0.1,0.9568031213662282,13.1 (14609.1.20.111.8),0.875087753208419
c81ab1e2472ed9930826294d9f4a48bcf8398e30,2020-05-27,83.0.4103.61,0.9075936199722607,76.0.1,0.9568031213662282,13.1 (14609.1.20.111.8),0.8764747157604301
b3829d75267a2e9fd38eaccf7f474a69193a0bda,2020-05-28,83.0.4103.61,0.9075936199722607,76.0.1,0.9568031213662282,13.1 (14609.1.20.111.8),0.8764747157604301
b0cfc1cbad34e5eb7d4611850c15d46c23c98fc3,2020-05-29,83.0.4103.61,0.9075936199722607,76.0.1,0.9568031213662282,13.1 (14609.1.20.111.8),0.8764747157604301
29da7063b3bec8efccf08a930b12cdb6f6ebb129,2020-05-30,83.0.4103.61,0.9075936199722607,76.0.1,0.9568031213662282,13.1 (14609.1.20.111.8),0.8764747157604301
dca5b855126eac95b5f25f770f07fce575f14151,2020-05-31,83.0.4103.61,0.9075936199722607,76.0.1,0.9568031213662282,13.1 (14609.1.20.111.8),0.8764747157604301
04698f643c15561cba3ade00aecac2e8e4eb3b43,2020-06-02,83.0.4103.61,0.9075936199722607,76.0.1,0.9568031213662282,13.1 (14609.1.20.111.8),0.8764747157604301
68c457ca8284cf54237f62174561bdef10ec72c7,2020-06-03,83.0.4103.61,0.9075936199722607,77.0,0.9568031213662282,13.1 (14609.1.20.111.8),0.8764747157604301
7810613a0254e37a268cbf20058c4a249daa5ecc,2020-06-04,83.0.4103.97,0.9075936199722607,77.0.1,0.9568031213662282,13.1 (14609.1.20.111.8),0.8764747157604301
c620466be79a6db192ada6c6af5ae7c5730ebc08,2020-06-05,83.0.4103.97,0.9064661134163209,77.0.1,0.9555394889419787,13.1 (14609.1.20.111.8),0.875433291927068
2ff9124e821cf4fcb3b8ab9fcb72630557f3dac6,2020-06-06,83.0.4103.97,0.9065953038674033,77.0.1,0.955600898487639,13.1 (14609.1.20.111.8),0.8756053453912571
258464412e9077dc3b5eddf28ea6c23ef31d5269,2020-06-07,83.0.4103.97,0.9065953038674033,77.0.1,0.955600898487639,13.1 (14609.1.20.111.8),0.8756053453912571
0fd4d2f9d9c7dc27fa1d2410b105fcd753c33158,2020-06-09,83.0.4103.97,0.9065953038674033,77.0.1,0.955600898487639,13.1 (14609.1.20.111.8),0.8756053453912571
090f052c18cb3a0cb919f921749801f30f9f62a8,2020-06-10,83.0.4103.97,0.9065953038674033,77.0.1,0.955600898487639,13.1 (14609.1.20.111.8),0.8756053453912571
36bf34ed4fbfa6769f8ae866c026628fd9c76544,2020-06-11,83.0.4103.97,0.9065953038674033,77.0.1,0.955600898487639,13.1 (14609.1.20.111.8),0.8756053453912571
ce024853ffad6fcd8e58bf7be539e26bb30d8ec0,2020-06-12,83.0.4103.97,0.9065953038674033,77.0.1,0.955600898487639,13.1.1 (14609.2.9.1.3),0.8756053453912571
7a1f71e5ed6c1de8e732ebb09d4e16b6598e1c1d,2020-06-13,83.0.4103.97,0.9065953038674033,77.0.1,0.955600898487639,13.1.1 (14609.2.9.1.3),0.8756053453912571
ef14c5bc0da3d3c0f642a3195a9e41433d36a5ba,2020-06-14,83.0.4103.97,0.9060344827586206,77.0.1,0.9555088819226751,13.1.1 (14609.2.9.1.3),0.8753171541102576
5a7701e9361d47708f6ebba417620ffaf8e11311,2020-06-16,83.0.4103.106,0.9060344827586206,77.0.1,0.9555088819226751,13.1.1 (14609.2.9.1.3),0.8753171541102576
ceb4dfbffc540ad943d15686038184a3cae9b4a7,2020-06-18,83.0.4103.106,0.9060344827586206,77.0.1,0.9555088819226751,13.1.1 (14609.2.9.1.3),0.8753171541102576
5756870d039495439b8512c26db05f25aaa3a0d7,2020-06-19,83.0.4103.106,0.9060344827586206,77.0.1,0.9555088819226751,13.1.1 (14609.2.9.1.3),0.8753171541102576
4877e40ba4bc993de5ccbd206845b63ceb07a892,2020-06-20,83.0.4103.106,0.9058195592286501,77.0.1,0.9555701644544622,13.1.1 (14609.2.9.1.3),0.8751445409503261
40724da33edf9653287985ff4f7b226ce60a0097,2020-06-22,83.0.4103.106,0.9058195592286501,77.0.1,0.9555701644544622,13.1.1 (14609.2.9.1.3),0.8751445409503261
9f6b1348c4216fb3597f1ebab3f4b06091cd7ab9,2020-06-23,83.0.4103.116,0.9058195592286501,77.0.1,0.9555701644544622,13.1.1 (14609.2.9.1.3),0.8751445409503261
1001bb6b2d6b975a68535b8a336eb7f32e372d7f,2020-06-24,83.0.4103.116,0.9058195592286501,77.0.1,0.9555701644544622,13.1.1 (14609.2.9.1.3),0.8751445409503261
875d97995ffecccad1dce17d8414854d3bc910d5,2020-06-25,83.0.4103.116,0.905949105914718,77.0.1,0.9556312783960653,13.1.1 (14609.2.9.1.3),0.8753162816092666
5a3bb3a2c0098b05e0a4c23976b4c66554854bd5,2020-06-26,83.0.4103.116,0.905949105914718,77.0.1,0.9556312783960653,13.1.1 (14609.2.9.1.3),0.8753162816092666
e4d0d4f1d3383211571cdd0a3e1d5281e0398649,2020-06-29,83.0.4103.116,0.905949105914718,77.0.1,0.9556312783960653,13.1.1 (14609.2.9.1.3),0.8753162816092666
825a7c1a712e0911116031b5e5dcf382d8f50adb,2020-06-30,83.0.4103.116,0.905949105914718,77.0.1,0.9556312783960653,13.1.1 (14609.2.9.1.3),0.8753162816092666
17f0e364e3584535436669a490887e723f3f61e6,2020-07-01,83.0.4103.116,0.905949105914718,78.0,0.9556312783960653,13.1.1 (14609.2.9.1.3),0.8753162816092666
bbda80e3e9964567acedd8537f5318b40896ac85,2020-07-02,83.0.4103.116,0.9060782967032966,78.0.1,0.9556922244422246,13.1.1 (14609.2.9.1.3),0.8754875504532098
e4b2fe646b9811e8d9a9332ace8ba2dfdb72ccb8,2020-07-03,83.0.4103.116,0.9060782967032966,78.0.1,0.9556922244422246,13.1.1 (14609.2.9.1.3),0.8754875504532098
ac402deb6e9d1a35976009d3ecd5d709bbdd89c7,2020-07-05,83.0.4103.116,0.9060782967032966,78.0.1,0.9556922244422246,13.1.1 (14609.2.9.1.3),0.8754875504532098
b7938227eacdc8d6d475c5a7bff061724d6ebd3f,2020-07-06,83.0.4103.116,0.9060782967032966,78.0.1,0.9556922244422246,13.1.1 (14609.2.9.1.3),0.8754875504532098
6a531642611c81e83bed58421fdc555e2db1f77a,2020-07-07,83.0.4103.116,0.9060782967032966,78.0.1,0.9556922244422246,13.1.1 (14609.2.9.1.3),0.8754875504532098
00b7aebbbca60116d196a113fdb7799a99bfa391,2020-07-16,84.0.4147.89,0.9539383561643836,78.0.2,0.9558136156081363,13.1.1 (14609.2.9.1.3),0.8741163516848449
0d31626e52b12340ff4b96fd6b0ba100404a7ebd,2020-07-17,84.0.4147.89,0.9540013679890561,78.0.2,0.9558740620984124,13.1.1 (14609.2.9.1.3),0.8742885591380803
f140180e49e4f8aed5960855947c4273bbefd9eb,2020-07-18,84.0.4147.89,0.9540013679890561,78.0.2,0.9558740620984124,13.1.1 (14609.2.9.1.3),0.8742885591380803
b47352d6c9860ff13c014fda37f35f88e8d935cb,2020-07-19,84.0.4147.89,0.9540013679890561,78.0.2,0.9558740620984124,13.1.1 (14609.2.9.1.3),0.8742885591380803
29ba1e01865ce5fb8ca21f37a0f13d394428de84,2020-07-20,84.0.4147.89,0.9540642076502732,78.0.2,0.9559343434343436,13.1.1 (14609.2.9.1.3),0.8744602960791485
279936164b3c36e7e328b32b51b088851458d607,2020-07-29,84.0.4147.105,0.9541893732970027,79.0,0.9540441176470589,13.1.2 (14609.3.5.1.5),0.8748023661170801
1dd99fab88ff421e9c7bb50c9b4b64b4bc2a09b6,2020-08-01,84.0.4147.105,0.9528169014084507,79.0,0.9542124542124543,13.1.2 (14609.3.5.1.5),0.8751425770787185
e35de4d284f3272e3f914eb9deea6cf7d1924605,2020-08-02,84.0.4147.105,0.9543138586956522,79.0,0.9542124542124543,13.1.2 (14609.3.5.1.5),0.8751425770787185
7075d7ebe1cb282c992635defc0dbdadb69c99df,2020-08-04,84.0.4147.105,0.9544376693766937,79.0,0.9542124542124543,13.1.2 (14609.3.5.1.5),0.8754809440785051
12e9f6d074df4e48adce75ec5dabea24a661012c,2020-08-05,84.0.4147.105,0.9544376693766937,79.0,0.9542124542124543,13.1.2 (14609.3.5.1.5),0.8754809440785051
f06a1d2d8af7ed4d1e74228521ddfa044f7f05c8,2020-08-15,84.0.4147.125,0.9533355795148248,79.0,0.955180511312587,13.1.2 (15609.3.5.1.3),0.8731147793647794
d99ec97e0fa94d907d0c0e968690b88d17f749e1,2020-08-16,84.0.4147.125,0.9533355795148248,79.0,0.955180511312587,13.1.2 (15609.3.5.1.3),0.8731147793647794
9b5dfb6544331bda796409320efc2ae45f7f40aa,2020-08-17,84.0.4147.125,0.9533355795148248,79.0,0.955180511312587,13.1.2 (15609.3.5.1.3),0.8731147793647794
3a326c47caa930616ce141bebb5c3e382cdc896c,2020-08-18,84.0.4147.125,0.9533355795148248,79.0,0.955180511312587,13.1.2 (15609.3.5.1.3),0.8731147793647794
bb69d6b51a09292099d1b04efb774c064a3ff164,2020-08-19,84.0.4147.125,0.9533355795148248,79.0,0.955180511312587,13.1.2 (15609.3.5.1.3),0.8731147793647794
