date,chrome-version,chrome-aspect-ratio,chrome-css-flexbox,chrome-css-grid,chrome-css-transforms,chrome-position-sticky,firefox-version,firefox-aspect-ratio,firefox-css-flexbox,firefox-css-grid,firefox-css-transforms,firefox-position-sticky,webkitgtk-version,webkitgtk-aspect-ratio,webkitgtk-css-flexbox,webkitgtk-css-grid,webkitgtk-css-transforms,webkitgtk-position-sticky
2020-12-15,89.0.4350.4 dev,0.8742138364779874,0.8572348365394723,0.9165407609081346,0.7314305877807685,0.8837209302325582,86.0a1,0.8930817610062893,0.8719288437831484,0.8740971182940409,0.7172350236669264,0.8410852713178296,2.31.0 (r270612),0.24528301886792453,0.8179857124678616,0.8902200706507287,0.6750517850077831,0.7596899224806203
2020-12-16,89.0.4350.4 dev,0.8742138364779874,0.8572348365394723,0.9165407609081346,0.7314305877807685,0.8837209302325582,86.0a1,0.8930817610062893,0.8719288437831484,0.8740971182940409,0.7173672987992015,0.8410852713178296,2.31.0 (r270612),0.24528301886792453,0.8179857124678616,0.8902200706507287,0.6750517850077831,0.7596899224806203
2020-12-17,89.0.4356.6 dev,0.9056603773584906,0.8572348365394723,0.9165407609081346,0.7314305877807685,0.8837209302325582,86.0a1,0.89937106918239,0.8719288437831484,0.8740971182940409,0.7173672987992015,0.8410852713178296,2.31.0 (r270612),0.24528301886792453,0.8179857124678616,0.8902200706507287,0.6750517850077831,0.7596899224806203
2020-12-18,89.0.4356.6 dev,0.9056603773584906,0.8572348365394723,0.9165407609081346,0.7314305877807685,0.8837209302325582,86.0a1,0.89937106918239,0.8719288437831484,0.8740971182940409,0.7173672987992015,0.8410852713178296,2.31.0 (r270612),0.24528301886792453,0.8179857124678616,0.8902200706507287,0.6750517850077831,0.7596899224806203
2020-12-19,89.0.4356.6 dev,0.9056603773584906,0.8572348365394723,0.9165407609081346,0.7314305877807685,0.8837209302325582,86.0a1,0.89937106918239,0.8719288437831484,0.8740971182940409,0.7173672987992015,0.8410852713178296,2.31.0 (r270612),0.24528301886792453,0.8179857124678616,0.8902200706507287,0.6763745363305345,0.7596899224806203
2020-12-21,89.0.4356.6 dev,0.9056603773584906,0.858307053505729,0.9165407609081346,0.7314305877807685,0.8837209302325582,86.0a1,0.89937106918239,0.8738209913706603,0.8740971182940409,0.7173672987992015,0.8410852713178296,2.31.0 (r270612),0.24528301886792453,0.8190579294341183,0.8902200706507287,0.6750517850077831,0.7596899224806203
2020-12-22,89.0.4356.6 dev,0.9056603773584906,0.858307053505729,0.9165407609081346,0.7314305877807685,0.8837209302325582,86.0a1,0.89937106918239,0.8738209913706603,0.8740971182940409,0.7173672987992015,0.8410852713178296,2.31.0 (r271055),0.24528301886792453,0.8195024141874712,0.8913287181008396,0.6751680120541571,0.7596899224806203
2020-12-23,89.0.4356.6 dev,0.9056603773584906,0.8592531272994849,0.9165407609081346,0.7314305877807685,0.8837209302325582,86.0a1,0.89937106918239,0.8747670651644162,0.8740971182940409,0.7173672987992015,0.8410852713178296,2.31.0 (r271068),0.24528301886792453,0.820448487981227,0.8902200706507287,0.6751680120541571,0.7596899224806203
2020-12-24,89.0.4356.6 dev,0.9056603773584906,0.8592531272994849,0.9165407609081346,0.7314305877807685,0.8837209302325582,86.0a1,0.89937106918239,0.8747670651644162,0.8740971182940409,0.7173672987992015,0.8410852713178296,2.31.0 (r271081),0.24528301886792453,0.820448487981227,0.8902200706507287,0.6751680120541571,0.7596899224806203
2020-12-27,89.0.4356.6 dev,0.9056603773584906,0.8592531272994849,0.9165407609081346,0.7314305877807685,0.8837209302325582,86.0a1,0.89937106918239,0.8747670651644162,0.8740971182940409,0.7173672987992015,0.8410852713178296,2.31.0 (r271092),0.24528301886792453,0.820448487981227,0.8902200706507287,0.6751680120541571,0.7596899224806203
2020-12-28,89.0.4356.6 dev,0.9056603773584906,0.8592531272994849,0.9165407609081346,0.7314305877807685,0.8837209302325582,86.0a1,0.89937106918239,0.8747670651644162,0.8740971182940409,0.7173672987992015,0.8410852713178296,2.31.0 (r271092),0.24528301886792453,0.820448487981227,0.8902200706507287,0.6751680120541571,0.7596899224806203
2020-12-30,89.0.4356.6 dev,0.9056603773584906,0.8592531272994849,0.9165407609081346,0.7314305877807685,0.8837209302325582,86.0a1,0.89937106918239,0.8747670651644162,0.8740971182940409,0.7173672987992015,0.8410852713178296,2.31.0 (r271092),0.24528301886792453,0.820448487981227,0.8902200706507287,0.6751680120541571,0.7596899224806203
2020-12-31,89.0.4356.6 dev,0.8930817610062893,0.8592531272994849,0.9165407609081346,0.7314305877807685,0.8837209302325582,86.0a1,0.9119496855345912,0.8747670651644162,0.8740971182940409,0.7173672987992015,0.8410852713178296,2.31.0 (r271115),0.24528301886792453,0.820448487981227,0.8902200706507287,0.6751680120541571,0.7596899224806203
2021-01-02,89.0.4356.6 dev,0.8930817610062893,0.8592531272994849,0.9165407609081346,0.7314305877807685,0.8837209302325582,86.0a1,0.9119496855345912,0.8747670651644162,0.8740971182940409,0.7173672987992015,0.8410852713178296,2.31.0 (r271115),0.24528301886792453,0.820448487981227,0.8902200706507287,0.6751680120541571,0.7596899224806203
2021-01-04,89.0.4356.6 dev,0.8930817610062893,0.8592531272994849,0.9165407609081346,0.7314305877807685,0.8837209302325582,86.0a1,0.9119496855345912,0.8747670651644162,0.8740971182940409,0.7173672987992015,0.8410852713178296,2.31.0 (r271115),0.24528301886792453,0.820448487981227,0.8902200706507287,0.6764907633769085,0.7596899224806203
2021-01-05,89.0.4356.6 dev,0.8930817610062893,0.8592531272994849,0.9165407609081346,0.7314305877807685,0.8837209302325582,86.0a1,0.9119496855345912,0.8747670651644162,0.8740971182940409,0.7173672987992015,0.8643410852713179,2.31.0 (r271141),0.24528301886792453,0.8223406355687389,0.8902200706507287,0.6751680120541571,0.7596899224806203
2021-01-06,89.0.4356.6 dev,0.8930817610062893,0.8592531272994849,0.9165407609081346,0.7314305877807685,0.8837209302325582,86.0a1,0.9119496855345912,0.8747670651644162,0.8740971182940409,0.7173672987992015,0.8643410852713179,2.31.0 (r271141),0.24528301886792453,0.8223406355687389,0.8902200706507287,0.6764907633769085,0.7596899224806203
2021-01-07,89.0.4356.6 dev,0.8930817610062893,0.8592531272994849,0.9104431999325249,0.7327533391035198,0.8837209302325582,86.0a1,0.9245283018867925,0.8747670651644162,0.8679995573184311,0.7173672987992015,0.8643410852713179,2.31.0 (r271222),0.24528301886792453,0.8223406355687389,0.884122509675119,0.6751680120541571,0.7596899224806203
2021-01-08,89.0.4381.6 dev,0.89937106918239,0.8592531272994849,0.9104431999325249,0.7327533391035198,0.8837209302325582,86.0a1,0.9245283018867925,0.8766592127519279,0.8679995573184311,0.7173672987992015,0.8643410852713179,2.31.0 (r271285),0.24528301886792453,0.8232867093624948,0.884122509675119,0.6751680120541571,0.7596899224806203
2021-01-09,89.0.4381.6 dev,0.89937106918239,0.8592531272994849,0.9104431999325249,0.7327533391035198,0.8837209302325582,86.0a1,0.9245283018867925,0.8766592127519279,0.8679995573184311,0.7173672987992015,0.8643410852713179,2.31.0 (r271343),0.24528301886792453,0.8232867093624948,0.884122509675119,0.6751680120541571,0.7596899224806203
2021-01-10,89.0.4381.6 dev,0.89937106918239,0.8592531272994849,0.9104431999325249,0.7327533391035198,0.8837209302325582,86.0a1,0.9245283018867925,0.8766592127519279,0.8679995573184311,0.7173672987992015,0.8643410852713179,2.31.0 (r271348),0.24528301886792453,0.8232867093624948,0.884122509675119,0.6751680120541571,0.7596899224806203
2021-01-11,89.0.4381.6 dev,0.89937106918239,0.8592531272994849,0.9104431999325249,0.7327533391035198,0.8837209302325582,86.0a1,0.9245283018867925,0.8766592127519279,0.8679995573184311,0.7173672987992015,0.8643410852713179,2.31.0 (r271352),0.24528301886792453,0.8232867093624948,0.884122509675119,0.6764907633769085,0.7596899224806203
2021-01-12,89.0.4381.6 dev,0.89937106918239,0.8592531272994849,0.9137691422828574,0.7327533391035198,0.8837209302325582,86.0a1,0.9308176100628931,0.8766592127519279,0.8713254996687637,0.7173672987992015,0.8643410852713179,2.31.0 (r271389),0.25157232704402516,0.8232867093624948,0.8874484520254516,0.6751680120541571,0.7596899224806203
2021-01-13,89.0.4385.0 dev,0.89937106918239,0.8611452748869967,0.9137691422828574,0.7327533391035198,0.8837209302325582,86.0a1,0.9308176100628931,0.8766592127519279,0.8713254996687637,0.7173672987992015,0.8643410852713179,2.31.1 (r271430),0.25157232704402516,0.8232867093624948,0.8874484520254516,0.6751680120541571,0.7596899224806203
2021-01-21,89.0.4389.9 dev,0.9119496855345912,0.8918926731840638,0.918203732083301,0.7327533391035198,0.8837209302325582,86.0a1,0.949685534591195,0.9473624609386199,0.9023676282718679,0.7173672987992015,0.8643410852713179,2.31.1 (),0.25157232704402516,0.8510382073126683,0.8929916892760059,0.6751680120541571,0.7596899224806203
2021-01-22,89.0.4389.9 dev,0.9119496855345912,0.8918926731840638,0.918203732083301,0.7327533391035198,0.8837209302325582,86.0a1,0.949685534591195,0.9473624609386199,0.9023676282718679,0.7173672987992015,0.8643410852713179,2.31.1 (r271735),0.25157232704402516,0.8510382073126683,0.8929916892760059,0.6751680120541571,0.7596899224806203
2021-01-23,89.0.4389.9 dev,0.9119496855345912,0.8918926731840638,0.918203732083301,0.7327533391035198,0.8837209302325582,86.0a1,0.949685534591195,0.9473624609386199,0.9023676282718679,0.7173672987992015,0.8643410852713179,2.31.1 (r271774),0.25157232704402516,0.8512747257611073,0.8952089841762276,0.6751680120541571,0.7596899224806203
2021-01-24,89.0.4389.9 dev,0.9119496855345912,0.8918926731840638,0.918203732083301,0.7327533391035198,0.8837209302325582,86.0a1,0.949685534591195,0.9473624609386199,0.9023676282718679,0.7173672987992015,0.8643410852713179,2.31.1 (r271781),0.25157232704402516,0.8512747257611073,0.8963176316263385,0.6751680120541571,0.7596899224806203
2021-01-26,89.0.4389.9 dev,0.9119496855345912,0.8918926731840638,0.918203732083301,0.7327533391035198,0.8837209302325582,87.0a1,0.949685534591195,0.9483085347323758,0.9023676282718679,0.7173672987992015,0.8643410852713179,2.31.1 (r271876),0.24528301886792453,0.8522207995548632,0.8952089841762276,0.6751680120541571,0.7596899224806203
2021-01-27,89.0.4389.9 dev,0.9119496855345912,0.8918926731840638,0.918203732083301,0.7327533391035198,0.8837209302325582,87.0a1,0.949685534591195,0.9492546085261317,0.9023676282718679,0.7173672987992015,0.8643410852713179,2.31.1 (r271934),0.24528301886792453,0.8522207995548632,0.8952089841762276,0.6751680120541571,0.7596899224806203
2021-01-28,90.0.4400.8 dev,0.9150943396226415,0.8987517081887942,0.918203732083301,0.7327533391035198,0.8837209302325582,87.0a1,0.9465408805031447,0.9587153464636908,0.9045849231720896,0.7173672987992015,0.8643410852713179,2.31.1 (r272000),0.24528301886792453,0.8581337607658377,0.8985349265265602,0.6751680120541571,0.7596899224806203
2021-01-29,90.0.4400.8 dev,0.9150943396226415,0.8987517081887942,0.918203732083301,0.7327533391035198,0.8837209302325582,87.0a1,0.9465408805031447,0.9587153464636908,0.9045849231720896,0.7173672987992015,0.8643410852713179,2.31.1 (r272048),0.24528301886792453,0.8581337607658377,0.8974262790764493,0.6764907633769085,0.7596899224806203
2021-01-30,90.0.4400.8 dev,0.9150943396226415,0.8987517081887942,0.9204210269835227,0.7327533391035198,0.8837209302325582,87.0a1,0.9465408805031447,0.9587153464636908,0.9056935706222006,0.7173672987992015,0.8643410852713179,2.31.1 (r272100),0.24528301886792453,0.8581337607658377,0.900752221426782,0.6764907633769085,0.7596899224806203
2021-01-31,90.0.4400.8 dev,0.9150943396226415,0.8987517081887942,0.9204210269835227,0.7327533391035198,0.8837209302325582,87.0a1,0.9465408805031447,0.957769272669935,0.9056935706222006,0.7173672987992015,0.8643410852713179,2.31.1 (r272122),0.24528301886792453,0.8581337607658377,0.900752221426782,0.6764907633769085,0.7596899224806203
2021-02-01,90.0.4400.8 dev,0.9088050314465409,0.8987517081887942,0.9204210269835227,0.7327533391035198,0.8837209302325582,87.0a1,0.9465408805031447,0.957769272669935,0.9056935706222006,0.7173672987992015,0.8643410852713179,2.31.1 (r272122),0.24528301886792453,0.8581337607658377,0.900752221426782,0.6764907633769085,0.7596899224806203
2021-02-02,90.0.4400.8 dev,0.9150943396226415,0.8987517081887942,0.9204210269835227,0.7327533391035198,0.8837209302325582,87.0a1,0.9465408805031447,0.957769272669935,0.9056935706222006,0.7173672987992015,0.8643410852713179,2.31.1 (r272190),0.24528301886792453,0.8581337607658377,0.900752221426782,0.6764907633769085,0.7596899224806203
2021-02-03,90.0.4400.8 dev,0.9339622641509434,0.8987517081887942,0.9204210269835227,0.7327533391035198,0.8837209302325582,87.0a1,0.9654088050314465,0.957769272669935,0.9056935706222006,0.7173672987992015,0.8643410852713179,2.31.1 (r272297),0.25157232704402516,0.8581337607658377,0.900752221426782,0.6764907633769085,0.7596899224806203
2021-02-04,90.0.4400.8 dev,0.9339622641509434,0.8987517081887942,0.9226383218837444,0.7327533391035198,0.8837209302325582,87.0a1,0.9654088050314465,0.957769272669935,0.9079108655224223,0.7173672987992015,0.8643410852713179,2.31.1 (r272358),0.25157232704402516,0.8581337607658377,0.9048172620771885,0.6764907633769085,0.7596899224806203
2021-02-05,90.0.4408.0 dev,0.9371069182389937,0.9022994849153789,0.9248556167839661,0.7327533391035198,0.8837209302325582,87.0a1,0.9654088050314465,0.9587153464636908,0.9079108655224223,0.7173672987992015,0.8643410852713179,2.31.1 (r272403),0.25157232704402516,0.8581337607658377,0.9048172620771885,0.6764907633769085,0.7596899224806203
2021-02-06,90.0.4408.0 dev,0.9371069182389937,0.9022994849153789,0.9248556167839661,0.7327533391035198,0.8837209302325582,87.0a1,0.9654088050314465,0.9587153464636908,0.9079108655224223,0.7173672987992015,0.8643410852713179,2.31.1 (r272455),0.25157232704402516,0.8581337607658377,0.9048172620771885,0.6764907633769085,0.7596899224806203
2021-02-08,90.0.4408.0 dev,0.9371069182389937,0.9022994849153789,0.9270729116841878,0.7327533391035198,0.8837209302325582,87.0a1,0.9654088050314465,0.9587153464636908,0.910128160422644,0.7173672987992015,0.8643410852713179,2.31.1 (r272468),0.2578616352201258,0.8581337607658377,0.9070345569774102,0.6764907633769085,0.7596899224806203
2021-02-09,90.0.4412.3 dev,0.9433962264150944,0.9022994849153789,0.9303988540345204,0.7327533391035198,0.8837209302325582,87.0a1,0.9654088050314465,0.9587153464636908,0.9112368078727549,0.7173672987992015,0.8643410852713179,2.31.1 (r272567),0.25157232704402516,0.8581337607658377,0.9103604993277428,0.6764907633769085,0.7596899224806203
2021-02-10,90.0.4412.3 dev,0.9371069182389937,0.9022994849153789,0.9303988540345204,0.7327533391035198,0.8837209302325582,87.0a1,0.9654088050314465,0.9587153464636908,0.9123454553228657,0.7173672987992015,0.8643410852713179,2.31.1 (r272638),0.2578616352201258,0.8581337607658377,0.9103604993277428,0.6764907633769085,0.7596899224806203
2021-02-11,90.0.4412.3 dev,0.9433962264150944,0.9022994849153789,0.9303988540345204,0.7327533391035198,0.8837209302325582,87.0a1,0.9654088050314465,0.9587153464636908,0.9123454553228657,0.7173672987992015,0.8643410852713179,2.31.1 (r272706),0.25419287211740044,0.8581337607658377,0.9103604993277428,0.6764907633769085,0.7596899224806203
2021-02-12,90.0.4412.3 dev,0.9412997903563941,0.9032455587091348,0.9315075014846314,0.7327533391035198,0.8837209302325582,87.0a1,0.9654088050314465,0.9596614202574467,0.9123454553228657,0.7173672987992015,0.8643410852713179,2.31.1 (r272771),0.26048218029350106,0.8555057780054044,0.9125777942279645,0.6764907633769085,0.7596899224806203
2021-02-13,90.0.4412.3 dev,0.9412997903563941,0.9032455587091348,0.9315075014846314,0.7327533391035198,0.8837209302325582,87.0a1,0.9654088050314465,0.9596614202574467,0.9123454553228657,0.7173672987992015,0.8643410852713179,2.31.1 (r272830),0.25419287211740044,0.8555057780054044,0.9114691467778536,0.6764907633769085,0.7596899224806203
2021-02-15,90.0.4412.3 dev,0.9412997903563941,0.9032455587091348,0.9315075014846314,0.7327533391035198,0.8837209302325582,87.0a1,0.9654088050314465,0.9596614202574467,0.9134541027729766,0.7173672987992015,0.8643410852713179,2.31.1 (r272830),0.25419287211740044,0.8555057780054044,0.9125777942279645,0.6764907633769085,0.7596899224806203
2021-02-16,90.0.4412.3 dev,0.9412997903563941,0.9032455587091348,0.9315075014846314,0.7327533391035198,0.8837209302325582,87.0a1,0.9654088050314465,0.9596614202574467,0.9123454553228657,0.7173672987992015,0.8643410852713179,2.31.1 (r272896),0.25419287211740044,0.8555057780054044,0.9125777942279645,0.6765882406394185,0.7596899224806203
2021-02-17,90.0.4412.3 dev,0.9395845244901848,0.9032455587091348,0.9315075014846314,0.7327533391035198,0.8837209302325582,87.0a1,0.9654088050314465,0.9596614202574467,0.9134541027729766,0.7173672987992015,0.8643410852713179,2.31.1 (r272983),0.25419287211740044,0.8556329289006178,0.9125777942279645,0.6769046403474498,0.7596899224806203
2021-02-18,90.0.4421.5 dev,0.9542595769010863,0.9041916325028907,0.9326161489347422,0.7327533391035198,0.9767441860465116,87.0a1,0.9654088050314465,0.9606074940512027,0.9123454553228657,0.7173672987992015,0.8643410852713179,2.31.1 (r272983),0.25419287211740044,0.8556329289006178,0.9114691467778536,0.6769046403474498,0.7596899224806203
2021-02-19,90.0.4421.5 dev,0.9542595769010863,0.9051377062966467,0.9326161489347422,0.7327533391035198,0.9767441860465116,87.0a1,0.9654088050314465,0.9615535678449586,0.9123454553228657,0.7173672987992015,0.8643410852713179,2.31.1 (r273127),0.25419287211740044,0.8650726429760937,0.9125777942279645,0.6769046403474498,0.7596899224806203
2021-02-20,90.0.4421.5 dev,0.9542595769010863,0.9051377062966467,0.9326161489347422,0.7327533391035198,0.9767441860465116,87.0a1,0.9654088050314465,0.9615535678449586,0.9134541027729766,0.7173672987992015,0.8643410852713179,2.31.1 (r273192),0.26048218029350106,0.8650726429760937,0.9125777942279645,0.6769046403474498,0.7596899224806203
2021-02-21,90.0.4421.5 dev,0.9542595769010863,0.9051377062966467,0.9326161489347422,0.7327533391035198,0.9767441860465116,87.0a1,0.9654088050314465,0.9624996416387145,0.9134541027729766,0.7173672987992015,0.8643410852713179,2.31.1 (r273215),0.25419287211740044,0.8650726429760937,0.9125777942279645,0.6769046403474498,0.7596899224806203
2021-02-22,90.0.4421.5 dev,0.9479702687249857,0.9051377062966467,0.9326161489347422,0.7327911319984555,0.9767441860465116,87.0a1,0.9654088050314465,0.9624996416387145,0.9134541027729766,0.7173672987992015,0.8643410852713179,2.31.1 (r273229),0.25419287211740044,0.8650726429760937,0.9125777942279645,0.6769329850186516,0.7596899224806203
2021-02-23,90.0.4421.5 dev,0.9542595769010863,0.9060837800904026,0.9326161489347422,0.7327911319984555,0.9767441860465116,88.0a1,0.9654088050314465,0.9634457154324704,0.9134541027729766,0.7186900501219528,0.8643410852713179,2.31.1 (r273298),0.25419287211740044,0.8660187167698497,0.9125777942279645,0.678255736341403,0.7596899224806203
2021-02-24,90.0.4421.5 dev,0.951114922813036,0.9060837800904026,0.9326161489347422,0.7327911319984555,0.9767441860465116,88.0a1,0.9685534591194969,0.9634457154324704,0.9134541027729766,0.7186900501219528,0.8643410852713179,2.31.1 (r273372),0.25157232704402516,0.8660187167698497,0.9114691467778536,0.678255736341403,0.7596899224806203
2021-02-25,90.0.4427.5 dev,0.9696969696969697,0.9060837800904026,0.9326161489347422,0.7327911319984555,0.9767441860465116,88.0a1,0.9665523156089194,0.9634457154324704,0.9134541027729766,0.7186900501219528,0.8643410852713179,2.31.1 (r273470),0.24842767295597484,0.8669647905636055,0.9142407654031308,0.678255736341403,0.7596899224806203
2021-02-26,90.0.4427.5 dev,0.9696969696969697,0.9070298538841585,0.9326161489347422,0.7327911319984555,0.9767441860465116,88.0a1,0.9665523156089194,0.9653378630199823,0.9123454553228657,0.7186900501219528,0.8643410852713179,2.31.1 (r273541),0.24842767295597484,0.8688569381511173,0.9142407654031308,0.678255736341403,0.7596899224806203
2021-02-27,90.0.4427.5 dev,0.9696969696969697,0.9070298538841585,0.9326161489347422,0.7327911319984555,0.9767441860465116,88.0a1,0.9665523156089194,0.9653378630199823,0.9134541027729766,0.7186900501219528,0.8643410852713179,2.33.0 (r273616),0.24842767295597484,0.8679108643573614,0.9125777942279645,0.678255736341403,0.7596899224806203
2021-02-28,90.0.4427.5 dev,0.9696969696969697,0.9070298538841585,0.9326161489347422,0.7327911319984555,0.9767441860465116,88.0a1,0.9665523156089194,0.9653378630199823,0.9123454553228657,0.7186900501219528,0.8643410852713179,2.33.0 (r273616),0.24842767295597484,0.8679108643573614,0.9125777942279645,0.678255736341403,0.7596899224806203
2021-03-01,90.0.4427.5 dev,0.9696969696969697,0.9070298538841585,0.9326161489347422,0.7327911319984555,0.9767441860465116,88.0a1,0.9665523156089194,0.9653378630199823,0.9134541027729766,0.7186900501219528,0.8643410852713179,2.33.0 (r273616),0.24842767295597484,0.8679108643573614,0.9133538474430422,0.678255736341403,0.7596899224806203
2021-03-02,90.0.4427.5 dev,0.9696969696969697,0.9070298538841585,0.9326161489347422,0.7327911319984555,0.9767441860465116,88.0a1,0.9665523156089194,0.9653378630199823,0.9123454553228657,0.7186900501219528,0.8643410852713179,2.33.0 (r273723),0.24842767295597484,0.872641233326141,0.9133538474430422,0.678255736341403,0.7596899224806203
2021-03-03,90.0.4430.11 dev,0.9685534591194969,0.9070298538841585,0.9315075014846314,0.7327911319984555,0.8837209302325582,88.0a1,0.9665523156089194,0.9653378630199823,0.9134541027729766,0.7186900501219528,0.8643410852713179,2.33.0 (r273723),0.24842767295597484,0.873587307119897,0.9122451999929313,0.678255736341403,0.7596899224806203
2021-03-04,90.0.4430.11 dev,0.9748427672955975,0.9070298538841585,0.9315075014846314,0.7327911319984555,0.8837209302325582,88.0a1,0.97284162378502,0.9653378630199823,0.9134541027729766,0.7186900501219528,0.8643410852713179,2.33.0 (r273873),0.24842767295597484,0.873587307119897,0.9133538474430422,0.678255736341403,0.7596899224806203
2021-03-06,90.0.4430.11 dev,0.9748427672955975,0.9070298538841585,0.9315075014846314,0.7327911319984555,0.8837209302325582,88.0a1,0.97284162378502,0.9653378630199823,0.9123454553228657,0.7186900501219528,0.8643410852713179,2.33.0 (r274030),0.24842767295597484,0.8754794547074087,0.9133538474430422,0.678255736341403,0.7596899224806203
2021-03-07,90.0.4430.11 dev,0.9748427672955975,0.9070298538841585,0.9315075014846314,0.7327911319984555,0.8837209302325582,88.0a1,0.97284162378502,0.9653378630199823,0.9134541027729766,0.7186900501219528,0.8643410852713179,2.33.0 (r274051),0.24842767295597484,0.8754794547074087,0.9133538474430422,0.678255736341403,0.7596899224806203
2021-03-09,90.0.4430.19 dev,0.9748427672955975,0.9070298538841585,0.9315075014846314,0.7327911319984555,0.8837209302325582,88.0a1,0.97284162378502,0.9653378630199823,0.9123454553228657,0.7186900501219528,0.8643410852713179,2.33.0 (r274137),0.24842767295597484,0.8754794547074087,0.9155711423432639,0.678255736341403,0.7596899224806203
2021-03-11,90.0.4430.19 dev,0.9748427672955975,0.9089220014716702,0.9315075014846314,0.7327911319984555,0.8837209302325582,88.0a1,0.97284162378502,0.9691221581950058,0.9123454553228657,0.7186900501219528,0.8643410852713179,2.33.0 (r274267),0.24842767295597484,0.879350888258173,0.914462494893153,0.678255736341403,0.7596899224806203
2021-03-12,91.0.4442.4 dev,0.9748427672955975,0.9098680752654262,0.9326161489347422,0.7327911319984555,0.9767441860465116,88.0a1,0.97284162378502,0.9691221581950058,0.9134541027729766,0.7186900501219528,0.8643410852713179,2.33.0 (r274267),0.24842767295597484,0.879350888258173,0.9155711423432639,0.678255736341403,0.7596899224806203
2021-03-13,91.0.4442.4 dev,0.9748427672955975,0.9098680752654262,0.9326161489347422,0.7326735541030999,0.9767441860465116,88.0a1,0.97284162378502,0.9691221581950058,0.9134541027729766,0.7188076280173086,0.8643410852713179,2.33.0 (r274267),0.24842767295597484,0.879350888258173,0.9155711423432639,0.6781381584460472,0.7596899224806203
2021-03-15,91.0.4442.4 dev,0.9748427672955975,0.9098680752654262,0.9326161489347422,0.7326735541030999,0.9767441860465116,88.0a1,0.97284162378502,0.9691221581950058,0.9134541027729766,0.7188076280173086,0.8643410852713179,2.33.0 (r274267),0.24842767295597484,0.879350888258173,0.9155711423432639,0.6781381584460472,0.7596899224806203
2021-03-16,91.0.4442.4 dev,0.9748427672955975,0.9098680752654262,0.9326161489347422,0.7326735541030999,0.9767441860465116,88.0a1,0.97284162378502,0.9691221581950058,0.9134541027729766,0.7188076280173086,0.8643410852713179,2.33.0 (r274267),0.25471698113207547,0.879350888258173,0.9155711423432639,0.6781381584460472,0.7596899224806203
2021-03-17,91.0.4442.4 dev,0.9748427672955975,0.9098680752654262,0.9326161489347422,0.7326735541030999,0.9767441860465116,88.0a1,0.97284162378502,0.9691221581950058,0.9134541027729766,0.7188076280173086,0.8643410852713179,2.33.0 (r274267),0.25471698113207547,0.879350888258173,0.914462494893153,0.6781381584460472,0.7596899224806203
2021-03-18,91.0.4449.6 dev,0.9748427672955975,0.9098680752654262,0.9326161489347422,0.7326735541030999,0.9767441860465116,88.0a1,0.97284162378502,0.9738525271637853,0.9134541027729766,0.7188076280173086,0.8643410852713179,2.33.0 (r274267),0.24842767295597484,0.879350888258173,0.9155711423432639,0.6781381584460472,0.7596899224806203
2021-03-19,91.0.4449.6 dev,0.9748427672955975,0.9098680752654262,0.9326161489347422,0.7326735541030999,0.9767441860465116,88.0a1,0.97284162378502,0.9738525271637853,0.9134541027729766,0.7188076280173086,0.8643410852713179,2.33.0 (r274267),0.24842767295597484,0.879350888258173,0.914462494893153,0.6781381584460472,0.7596899224806203
2021-03-20,91.0.4449.6 dev,0.9748427672955975,0.9098680752654262,0.9326161489347422,0.7326735541030999,0.9767441860465116,88.0a1,0.97284162378502,0.9738525271637853,0.9123454553228657,0.7188076280173086,0.8643410852713179,2.33.0 (r274267),0.24842767295597484,0.879350888258173,0.914462494893153,0.6781381584460472,0.7596899224806203
2021-03-21,91.0.4449.6 dev,0.9748427672955975,0.9098680752654262,0.9326161489347422,0.7326735541030999,0.9767441860465116,88.0a1,0.97284162378502,0.9738525271637853,0.9123454553228657,0.7188076280173086,0.8643410852713179,2.33.0 (r274267),0.24842767295597484,0.879350888258173,0.9155711423432639,0.6781381584460472,0.7596899224806203
2021-03-25,91.0.4449.6 dev,0.9748427672955975,0.9136523704404499,0.9326161489347422,0.7326735541030999,0.9767441860465116,89.0a1,0.9791309319611207,0.9769487686706231,0.9134541027729766,0.7188076280173086,0.8643410852713179,2.33.0 (r274267),0.24842767295597484,0.8840812572269525,0.9155711423432639,0.6781381584460472,0.7596899224806203
2021-03-26,91.0.4449.6 dev,0.9748427672955975,0.9136523704404499,0.9326161489347422,0.7339963054258513,0.9767441860465116,89.0a1,0.982275586049171,0.9769487686706231,0.9134541027729766,0.7201303793400599,0.872093023255814,2.33.0 (r274267),0.24633123689727462,0.8840812572269525,0.9155711423432639,0.6794609097687986,0.7596899224806203
2021-03-27,91.0.4449.6 dev,0.9748427672955975,0.9136523704404499,0.9326161489347422,0.7338997969960094,0.9767441860465116,89.0a1,0.982275586049171,0.9769487686706231,0.9134541027729766,0.7201303793400599,0.872093023255814,2.33.0 (r274267),0.24633123689727462,0.8840812572269525,0.9155711423432639,0.6793558120446531,0.7596899224806203
2021-03-29,91.0.4449.6 dev,0.9748427672955975,0.9136523704404499,0.9461416478260948,0.7338997969960094,0.9767441860465116,89.0a1,0.982275586049171,0.9769487686706231,0.9136758322629988,0.7201303793400599,0.872093023255814,2.33.0 (r274267),0.24633123689727462,0.8840812572269525,0.9290966412346164,0.6793558120446531,0.7596899224806203
2021-03-30,91.0.4449.6 dev,0.9748427672955975,0.9136523704404499,0.9461416478260948,0.7338997969960094,0.9767441860465116,89.0a1,0.982275586049171,0.9769487686706231,0.9125671848128879,0.7201303793400599,0.872093023255814,2.33.0 (r274267),0.24633123689727462,0.8840812572269525,0.9290966412346164,0.6793558120446531,0.7596899224806203
2021-04-01,91.0.4449.6 dev,0.9748427672955975,0.9136523704404499,0.9461416478260948,0.7352225483187607,0.9767441860465116,89.0a1,0.982275586049171,0.9769487686706231,0.9136758322629988,0.7214531306628111,0.872093023255814,2.33.0 (r274267),0.24633123689727462,0.8840812572269525,0.9279879937845056,0.6806785633674045,0.7596899224806203
2021-04-02,91.0.4449.6 dev,0.9748427672955975,0.9136523704404499,0.9461416478260948,0.7352225483187607,0.9767441860465116,89.0a1,0.982275586049171,0.977894842464379,0.9136758322629988,0.7214531306628111,0.872093023255814,2.33.0 (r274267),0.24633123689727462,0.8850273310207084,0.9279879937845056,0.6806785633674045,0.7596899224806203
2021-04-03,91.0.4449.6 dev,0.9748427672955975,0.9136523704404499,0.9461416478260948,0.7352225483187607,0.9767441860465116,89.0a1,0.982275586049171,0.977894842464379,0.9136758322629988,0.7214531306628111,0.872093023255814,2.33.0 (r274267),0.24633123689727462,0.8850273310207084,0.9290966412346164,0.6806785633674045,0.7596899224806203
2021-04-04,91.0.4449.6 dev,0.9748427672955975,0.9136523704404499,0.9461416478260948,0.7352225483187607,0.9767441860465116,89.0a1,0.982275586049171,0.977894842464379,0.9136758322629988,0.7214531306628111,0.872093023255814,2.33.0 (r274267),0.24633123689727462,0.8850273310207084,0.9279879937845056,0.6806785633674045,0.7596899224806203
2021-04-05,91.0.4449.6 dev,0.9748427672955975,0.9136523704404499,0.9461416478260948,0.7352225483187607,0.9767441860465116,89.0a1,0.982275586049171,0.977894842464379,0.9136758322629988,0.7214531306628111,0.872093023255814,2.33.0 (r274267),0.24633123689727462,0.8850273310207084,0.9279879937845056,0.6806785633674045,0.7596899224806203
2021-04-06,91.0.4449.6 dev,0.9748427672955975,0.9136523704404499,0.9461416478260948,0.7484500615462739,0.9767441860465116,89.0a1,0.982275586049171,0.977894842464379,0.9136758322629988,0.7346806438903244,0.872093023255814,2.33.0 (r274267),0.24633123689727462,0.8850273310207084,0.9290966412346164,0.6939060765949179,0.7596899224806203
2021-04-07,91.0.4449.6 dev,0.9748427672955975,0.9134803570234034,0.9461416478260948,0.7484500615462739,0.9767441860465116,89.0a1,0.982275586049171,0.9780668558814254,0.9136758322629988,0.7346806438903244,0.872093023255814,2.33.0 (r274267),0.24633123689727462,0.884855317603662,0.9290966412346164,0.6925833252721666,0.7596899224806203
2021-04-08,91.0.4449.6 dev,0.9748427672955975,0.9115882094358916,0.9461416478260948,0.7484500615462739,0.9767441860465116,89.0a1,0.982275586049171,0.981851151056449,0.9136758322629988,0.7346806438903244,0.872093023255814,2.33.0 (r274267),0.24633123689727462,0.884855317603662,0.9290966412346164,0.6939060765949179,0.7596899224806203
2021-04-09,91.0.4449.6 dev,0.9748427672955975,0.9125342832296475,0.9461416478260948,0.7484500615462739,0.9767441860465116,89.0a1,0.982275586049171,0.9827972248502049,0.9125671848128879,0.7346806438903244,0.872093023255814,2.33.0 (r274267),0.24633123689727462,0.8858013913974179,0.9290966412346164,0.6939060765949179,0.7596899224806203
2021-04-10,91.0.4449.6 dev,0.9748427672955975,0.9125342832296475,0.9461416478260948,0.7484500615462739,0.9767441860465116,89.0a1,0.982275586049171,0.9827972248502049,0.9125671848128879,0.7346806438903244,0.872093023255814,2.33.0 (r274267),0.24633123689727462,0.8858013913974179,0.9279879937845056,0.6939060765949179,0.7596899224806203
2021-04-11,91.0.4449.6 dev,0.9748427672955975,0.9134803570234034,0.9461416478260948,0.7484500615462739,0.9767441860465116,89.0a1,0.982275586049171,0.9837432986439608,0.9136758322629988,0.7346806438903244,0.872093023255814,2.33.0 (r274267),0.24633123689727462,0.884855317603662,0.9279879937845056,0.6939060765949179,0.7596899224806203
2021-04-12,91.0.4449.6 dev,0.9748427672955975,0.9134803570234034,0.9461416478260948,0.7484500615462739,0.9767441860465116,89.0a1,0.982275586049171,0.9837432986439608,0.9125671848128879,0.7346806438903244,0.872093023255814,2.33.0 (r274267),0.24633123689727462,0.884855317603662,0.9279879937845056,0.6939060765949179,0.7596899224806203
2021-04-13,91.0.4449.6 dev,0.9748427672955975,0.9134803570234034,0.9461416478260948,0.7484500615462739,0.9767441860465116,89.0a1,0.982275586049171,0.9837432986439608,0.9136758322629988,0.7346806438903244,0.872093023255814,2.33.0 (r274267),0.24633123689727462,0.884855317603662,0.9290966412346164,0.6939060765949179,0.7596899224806203
2021-04-14,91.0.4469.4 dev,0.9748427672955975,0.9210489473734507,0.9461416478260948,0.7505667719963179,0.9767441860465116,89.0a1,0.982275586049171,0.9837432986439608,0.9136758322629988,0.7346806438903244,0.872093023255814,2.33.0 (r274267),0.24633123689727462,0.884855317603662,0.9290966412346164,0.6939060765949179,0.7596899224806203
2021-04-15,91.0.4472.10 dev,0.9748427672955975,0.9219950211672066,0.9450330003759839,0.7518895233190692,0.8837209302325582,89.0a1,0.982275586049171,0.9837432986439608,0.9136758322629988,0.7346806438903244,0.872093023255814,2.33.0 (r276017),0.9509796688737651,0.8867474651911738,0.9323301962974397,0.6964741099811118,0.7596899224806203
2021-04-16,91.0.4472.10 dev,0.9748427672955975,0.9219950211672066,0.9439243529258731,0.7518895233190692,0.8837209302325582,89.0a1,0.982275586049171,0.9837432986439608,0.9136758322629988,0.7346806438903244,0.872093023255814,2.33.0 (r276114),0.9509796688737651,0.8868657244153932,0.9312215488473289,0.6964741099811118,0.7596899224806203
2021-04-17,91.0.4472.10 dev,0.9748427672955975,0.9219950211672066,0.9440629338571369,0.7518895233190692,0.8837209302325582,89.0a1,0.982275586049171,0.9837432986439608,0.9127057657441517,0.7346806438903244,0.872093023255814,2.33.0 (r276194),0.9509796688737651,0.8859196506216374,0.9313601297785928,0.6964741099811118,0.7596899224806203
2021-04-18,91.0.4472.10 dev,0.9748427672955975,0.9219950211672066,0.9440629338571369,0.7518895233190692,0.8837209302325582,89.0a1,0.982275586049171,0.9837432986439608,0.9138144131942627,0.7346806438903244,0.872093023255814,2.33.0 (r276194),0.9509796688737651,0.8859196506216374,0.9313601297785928,0.6964741099811118,0.7596899224806203
2021-04-19,91.0.4472.10 dev,0.9748427672955975,0.9219950211672066,0.9440629338571369,0.7518895233190692,0.8837209302325582,89.0a1,0.982275586049171,0.9837432986439608,0.9127057657441517,0.7346806438903244,0.872093023255814,2.33.0 (r276194),0.9509796688737651,0.8859196506216374,0.9313601297785928,0.697099174821863,0.7596899224806203
2021-04-20,91.0.4472.10 dev,0.9748427672955975,0.9219950211672066,0.9440629338571369,0.7518895233190692,0.8837209302325582,90.0a1,0.982275586049171,0.9846893724377167,0.9138144131942627,0.7346806438903244,0.872093023255814,2.33.0 (r276194),0.9509796688737651,0.8868657244153932,0.9313601297785928,0.697099174821863,0.7596899224806203
2021-04-21,91.0.4472.10 dev,0.9748427672955975,0.9219950211672066,0.9440629338571369,0.7518895233190692,0.8837209302325582,90.0a1,0.982275586049171,0.9846893724377167,0.9127057657441517,0.7346806438903244,0.872093023255814,2.33.0 (r276194),0.9509796688737651,0.8868657244153932,0.9313601297785928,0.697099174821863,0.7596899224806203
2021-04-22,91.0.4472.19 dev,0.9748427672955975,0.9219950211672066,0.9440629338571369,0.7532122746418205,0.8837209302325582,90.0a1,0.9828092243186584,0.9846893724377167,0.9138144131942627,0.7346806438903244,0.872093023255814,2.33.0 (r276194),0.9520059081379837,0.8868657244153932,0.9313601297785928,0.697099174821863,0.7596899224806203
2021-04-23,91.0.4472.19 dev,0.9748427672955975,0.9219950211672066,0.9440629338571369,0.7532122746418205,0.8837209302325582,90.0a1,0.9828092243186584,0.9846893724377167,0.9127057657441517,0.7346806438903244,0.872093023255814,2.33.0 (r276194),0.9582952163140843,0.8868657244153932,0.9302514823284819,0.697099174821863,0.7596899224806203
2021-04-24,91.0.4472.19 dev,0.9748427672955975,0.9219950211672066,0.9440629338571369,0.7532122746418205,0.8837209302325582,90.0a1,0.9828092243186584,0.9846893724377167,0.9127057657441517,0.7346806438903244,0.872093023255814,2.33.0 (r276194),0.9520059081379837,0.8868657244153932,0.9313601297785928,0.697099174821863,0.7596899224806203
2021-04-26,91.0.4472.19 dev,0.9748427672955975,0.9219950211672066,0.9440629338571369,0.7532122746418205,0.8837209302325582,90.0a1,0.9828092243186584,0.9846893724377167,0.9138144131942627,0.7346806438903244,0.872093023255814,2.33.0 (r276194),0.9582952163140843,0.8868657244153932,0.9313601297785928,0.697099174821863,0.7596899224806203
2021-04-27,91.0.4472.19 dev,0.9748427672955975,0.9219950211672066,0.9432314482695537,0.7532122746418205,0.8837209302325582,90.0a1,0.9828092243186584,0.9846893724377167,0.9146458987818458,0.7346028349889862,0.872093023255814,2.33.0 (r276194),0.9520059081379837,0.8868657244153932,0.9305286441910097,0.6968657481178481,0.7596899224806203
2021-04-28,91.0.4472.19 dev,0.9748427672955975,0.9219950211672066,0.9432314482695537,0.7558577772873232,0.8837209302325582,90.0a1,0.9828092243186584,0.9846893724377167,0.9147198086118531,0.7359255863117374,0.872093023255814,2.33.0 (r276194),0.9520059081379837,0.8868657244153932,0.9306025540210171,0.6995112507633507,0.7596899224806203
2021-04-29,91.0.4472.19 dev,0.9748427672955975,0.9219950211672066,0.9432314482695537,0.7556243505833081,0.8837209302325582,90.0a1,0.9828092243186584,0.9846893724377167,0.908067923911188,0.7356774623708029,0.872093023255814,2.33.0 (r276194),0.9520059081379837,0.8868657244153932,0.9294939065709062,0.6993556329606742,0.7596899224806203
2021-04-30,91.0.4472.19 dev,0.9748427672955975,0.9229410949609625,0.9432314482695537,0.7556243505833081,0.8837209302325582,90.0a1,0.9828092243186584,0.9856354462314727,0.908067923911188,0.7356774623708029,0.872093023255814,2.33.0 (r276194),0.9520059081379837,0.8868657244153932,0.9294939065709062,0.6993556329606742,0.7596899224806203
2021-05-01,91.0.4472.19 dev,0.9622641509433962,0.9229410949609625,0.9432314482695537,0.7556243505833081,0.8837209302325582,90.0a1,0.9828092243186584,0.9856354462314727,0.9069592764610771,0.7356774623708029,0.872093023255814,2.33.0 (r276194),0.9394272917857824,0.8868657244153932,0.9306025540210171,0.6993556329606742,0.7596899224806203
2021-05-03,91.0.4472.19 dev,0.9622641509433962,0.9229410949609625,0.9432314482695537,0.7556243505833081,0.8837209302325582,90.0a1,0.9828092243186584,0.9856354462314727,0.908067923911188,0.7356774623708029,0.872093023255814,2.33.0 (r276194),0.9394272917857824,0.8868657244153932,0.9294939065709062,0.6993556329606742,0.7596899224806203
2021-05-04,91.0.4472.19 dev,0.9622641509433962,0.9229410949609625,0.9432314482695537,0.7556243505833081,0.8604651162790697,90.0a1,0.9828092243186584,0.9856354462314727,0.908067923911188,0.7356774623708029,0.8488372093023255,2.33.0 (r276194),0.9394272917857824,0.8868657244153932,0.9306025540210171,0.6993556329606742,0.7364341085271318
2021-05-05,91.0.4472.19 dev,0.9622641509433962,0.9229410949609625,0.9432314482695537,0.7569471019060595,0.8604651162790697,90.0a1,0.9828092243186584,0.9856354462314727,0.9069592764610771,0.7356774623708029,0.8488372093023255,2.33.0 (r276194),0.9394272917857824,0.8868657244153932,0.9306025540210171,0.6993556329606742,0.7364341085271318
2021-05-06,91.0.4472.19 dev,0.9622641509433962,0.9229410949609625,0.9432314482695537,0.7569471019060595,0.8604651162790697,90.0a1,0.9828092243186584,0.9856354462314727,0.908067923911188,0.7356774623708029,0.8488372093023255,2.33.0 (r276194),0.9394272917857824,0.8868657244153932,0.9294939065709062,0.6993556329606742,0.7364341085271318
2021-05-07,91.0.4472.19 dev,0.9622641509433962,0.9229410949609625,0.9433792679295686,0.7569471019060595,0.8604651162790697,90.0a1,0.9828092243186584,0.9856354462314727,0.9082157435712028,0.7356774623708029,0.8488372093023255,2.33.0 (r276194),0.9394272917857824,0.8868657244153932,0.930750373681032,0.6993556329606742,0.7364341085271318
2021-05-08,91.0.4472.19 dev,0.9622641509433962,0.9229410949609625,0.9431021060670409,0.7569471019060595,0.8604651162790697,90.0a1,0.9828092243186584,0.9856354462314727,0.9073842579836197,0.7356774623708029,0.8488372093023255,2.33.0 (r276194),0.9457165999618831,0.8868657244153932,0.9304732118185043,0.6993556329606742,0.7364341085271318
2021-05-09,91.0.4472.19 dev,0.9622641509433962,0.9229410949609625,0.9431021060670409,0.7569471019060595,0.8604651162790697,90.0a1,0.9828092243186584,0.9856354462314727,0.9084929054337305,0.7356774623708029,0.8488372093023255,2.33.0 (r276194),0.9457165999618831,0.8868657244153932,0.9304732118185043,0.6993556329606742,0.7364341085271318
2021-05-10,91.0.4472.19 dev,0.9622641509433962,0.9229410949609625,0.9431021060670409,0.7569471019060595,0.8604651162790697,90.0a1,0.9828092243186584,0.9856354462314727,0.9073842579836197,0.7356774623708029,0.8488372093023255,2.33.0 (r276194),0.9394272917857824,0.8868657244153932,0.9293645643683934,0.6993556329606742,0.7364341085271318
2021-05-11,91.0.4472.19 dev,0.9622641509433962,0.9229410949609625,0.9431021060670409,0.7569471019060595,0.8604651162790697,90.0a1,0.9828092243186584,0.9856354462314727,0.9073842579836197,0.7356774623708029,0.8488372093023255,2.33.0 (r276194),0.9394272917857824,0.8866134380703917,0.9304732118185043,0.6993556329606742,0.7364341085271318
2021-05-12,91.0.4472.19 dev,0.9612159329140462,0.9229410949609625,0.9431021060670409,0.7569471019060595,0.8604651162790697,90.0a1,0.9828092243186584,0.9856354462314727,0.9084929054337305,0.7356774623708029,0.8488372093023255,2.33.0 (r276194),0.935615589860873,0.8866134380703917,0.9315818592686151,0.6993556329606742,0.7364341085271318
2021-05-13,91.0.4472.19 dev,0.9612159329140462,0.9229410949609625,0.9431021060670409,0.7569471019060595,0.8604651162790697,90.0a1,0.9828092243186584,0.9856354462314727,0.9084929054337305,0.7356774623708029,0.8488372093023255,2.33.0 (r276194),0.9419048980369736,0.8866134380703917,0.9315818592686151,0.6993556329606742,0.7364341085271318
2021-05-14,91.0.4472.19 dev,0.9612159329140462,0.9229410949609625,0.9431021060670409,0.7582698532288108,0.8604651162790697,90.0a1,0.9828092243186584,0.9856354462314727,0.9084929054337305,0.7370002136935543,0.8488372093023255,2.33.0 (r276194),0.935615589860873,0.8866134380703917,0.9315818592686151,0.7006783842834254,0.7364341085271318
2021-05-16,91.0.4472.19 dev,0.9612159329140462,0.9229410949609625,0.9431021060670409,0.7582698532288108,0.8604651162790697,90.0a1,0.9828092243186584,0.9856354462314727,0.9084929054337305,0.7370002136935543,0.8488372093023255,2.33.0 (r276194),0.935615589860873,0.8866134380703917,0.9315818592686151,0.7006783842834254,0.7364341085271318
2021-05-17,91.0.4472.19 dev,0.9612159329140462,0.9229410949609625,0.9431021060670409,0.7582698532288108,0.8604651162790697,90.0a1,0.9828092243186584,0.9856354462314727,0.9084929054337305,0.7370002136935543,0.8488372093023255,2.33.0 (r276194),0.935615589860873,0.8866134380703917,0.9315818592686151,0.7006783842834254,0.7364341085271318
2021-05-18,91.0.4472.19 dev,0.9612159329140462,0.9229410949609625,0.9431021060670409,0.7582698532288108,0.8604651162790697,90.0a1,0.9828092243186584,0.9856354462314727,0.9084929054337305,0.7383229650163056,0.8488372093023255,2.33.0 (r276194),0.9419048980369736,0.8866134380703917,0.9315818592686151,0.7020011356061767,0.7364341085271318
2021-05-19,91.0.4472.19 dev,0.9612159329140462,0.9229410949609625,0.9431021060670409,0.7582698532288108,0.8604651162790697,90.0a1,0.9828092243186584,0.9856354462314727,0.9073842579836197,0.7383229650163056,0.8488372093023255,2.33.0 (r276194),0.935615589860873,0.8866134380703917,0.9315818592686151,0.7020011356061767,0.7364341085271318
2021-05-20,91.0.4472.19 dev,0.9612159329140462,0.9219950211672066,0.9431021060670409,0.7582698532288108,0.8604651162790697,90.0a1,0.9828092243186584,0.9846893724377167,0.9073842579836197,0.7383229650163056,0.8488372093023255,2.33.0 (r276194),0.9419048980369736,0.8856673642766358,0.9315818592686151,0.7020011356061767,0.7364341085271318
2021-05-31,91.0.4472.19 dev,0.9610625351536535,0.9219950211672066,0.9433330742858139,0.758275554743133,0.8604651162790697,90.0a1,0.9828092243186584,0.9846893724377167,0.9084929054337305,0.7383300919092084,0.8488372093023255,2.33.0 (r276194),0.9353586486122151,0.8856673642766358,0.9307041800372773,0.7020011356061767,0.7364341085271318
2021-06-02,91.0.4472.19 dev,0.9610625351536535,0.9219950211672066,0.9433330742858139,0.758275554743133,0.8604651162790697,91.0a1,0.9828092243186584,0.9846893724377167,0.9073842579836197,0.7383300919092084,0.8488372093023255,2.33.0 (r276194),0.9353586486122151,0.8856673642766358,0.9307041800372773,0.7006783842834254,0.7364341085271318
2021-06-03,92.0.4515.40 dev,0.9610625351536535,0.9248332425484743,0.9461046929110911,0.7741485706161488,0.9767441860465116,91.0a1,0.9828092243186584,0.9846893724377167,0.9073842579836197,0.7462665998457163,0.8488372093023255,2.33.0 (r276194),0.9353586486122151,0.8856673642766358,0.9307041800372773,0.7099376435426847,0.7364341085271318
2021-06-04,93.0.4530.5 dev,0.9610625351536535,0.9248332425484743,0.9461046929110911,0.7741485706161488,0.9767441860465116,91.0a1,0.9828092243186584,0.9846893724377167,0.9073842579836197,0.7462665998457163,0.8488372093023255,2.33.0 (r276194),0.9353586486122151,0.8856673642766358,0.9307041800372773,0.7099376435426847,0.7364341085271318
2021-06-05,93.0.4530.5 dev,0.9547732269775528,0.9248332425484743,0.9461046929110911,0.7741485706161488,0.9767441860465116,91.0a1,0.9828092243186584,0.9846893724377167,0.9084929054337305,0.7462665998457163,0.8488372093023255,2.33.0 (r276194),0.9416479567883157,0.8856673642766358,0.9307041800372773,0.7099376435426847,0.7364341085271318
2021-06-06,93.0.4530.5 dev,0.9610625351536535,0.9248332425484743,0.9461046929110911,0.7741485706161488,0.9767441860465116,91.0a1,0.9828092243186584,0.9846893724377167,0.9073842579836197,0.7462665998457163,0.8488372093023255,2.33.0 (r276194),0.9353586486122151,0.8856673642766358,0.9307041800372773,0.7099376435426847,0.7364341085271318
2021-06-07,93.0.4530.5 dev,0.9610625351536535,0.9248332425484743,0.9461046929110911,0.7713211550004734,0.9767441860465116,91.0a1,0.9828092243186584,0.9846893724377167,0.9084929054337305,0.7422983458774624,0.8488372093023255,2.33.0 (r276194),0.9353586486122151,0.8856673642766358,0.9307041800372773,0.7058137717717541,0.7364341085271318
2021-06-08,93.0.4535.3 dev,0.9610625351536535,0.9248332425484743,0.9461046929110911,0.7755888998342558,0.9767441860465116,91.0a1,0.9828092243186584,0.9846893724377167,0.9062756105335088,0.7422983458774624,0.8488372093023255,2.33.0 (r276194),0.9353586486122151,0.8856673642766358,0.9307041800372773,0.7058137717717541,0.7364341085271318
2021-06-09,93.0.4535.3 dev,0.9610625351536535,0.9248332425484743,0.9461046929110911,0.7755888998342558,0.9767441860465116,91.0a1,0.9828092243186584,0.9846893724377167,0.9062756105335088,0.7422983458774624,0.8488372093023255,2.33.0 (r276194),0.9416479567883157,0.8856673642766358,0.9295955325871664,0.7058137717717541,0.7364341085271318
2021-06-10,93.0.4535.3 dev,0.9610625351536535,0.9248332425484743,0.9461046929110911,0.7755888998342558,0.9767441860465116,91.0a1,0.9828092243186584,0.9846893724377167,0.905166963083398,0.7422983458774624,0.8488372093023255,2.33.0 (r276194),0.9353586486122151,0.8856673642766358,0.9307041800372773,0.7058137717717541,0.7364341085271318
2021-06-11,93.0.4535.3 dev,0.9610625351536535,0.9248332425484743,0.9461046929110911,0.7769116511570071,0.9767441860465116,91.0a1,0.9828092243186584,0.9846893724377167,0.905166963083398,0.7422983458774624,0.8488372093023255,2.33.0 (r276194),0.9416479567883157,0.8856673642766358,0.9307041800372773,0.7058137717717541,0.7364341085271318
2021-06-12,93.0.4535.3 dev,0.9610625351536535,0.9248332425484743,0.9461046929110911,0.7769116511570071,0.9767441860465116,91.0a1,0.9828092243186584,0.9846893724377167,0.905166963083398,0.7422983458774624,0.8488372093023255,2.33.2 (r278807),0.9537821844770764,0.890019303727913,0.9423115348496405,0.7062689538445831,0.7364341085271318
2021-06-13,93.0.4535.3 dev,0.9610625351536535,0.9248332425484743,0.9461046929110911,0.7769116511570071,0.9767441860465116,91.0a1,0.9828092243186584,0.9846893724377167,0.9062756105335088,0.7422983458774624,0.8488372093023255,2.33.2 (r278807),0.9537821844770764,0.890019303727913,0.9423115348496405,0.7062689538445831,0.7364341085271318
2021-06-14,93.0.4535.3 dev,0.9610625351536535,0.9248332425484743,0.9461046929110911,0.7769116511570071,0.9767441860465116,91.0a1,0.9828092243186584,0.9846893724377167,0.9062756105335088,0.7422983458774624,0.8488372093023255,2.33.2 (r278807),0.9537821844770764,0.890019303727913,0.9423115348496405,0.7062689538445831,0.7364341085271318
2021-06-15,93.0.4542.2 dev,0.9610625351536535,0.939339707386065,0.9688932913175974,0.7769116511570071,0.9767441860465116,91.0a1,0.9828092243186584,0.9846893724377167,0.9062756105335088,0.7422983458774624,0.8488372093023255,2.33.2 (r278807),0.9537821844770764,0.9040527316686258,0.9413612656066883,0.7062689538445831,0.7364341085271318
2021-06-16,93.0.4542.2 dev,0.9610625351536535,0.939339707386065,0.9688932913175974,0.7769116511570071,1,91.0a1,0.9828092243186584,0.9846893724377167,0.9062756105335088,0.7422983458774624,0.872093023255814,2.33.2 (r278921),0.9537821844770764,0.9040527316686258,0.9413612656066883,0.7062689538445831,0.7596899224806203
2021-06-17,93.0.4542.2 dev,0.9610625351536535,0.939339707386065,0.9688932913175974,0.7769116511570071,1,91.0a1,0.9828092243186584,0.9846893724377167,0.905166963083398,0.7422983458774624,0.872093023255814,2.33.2 (r278973),0.9537821844770764,0.9040527316686258,0.9402526181565775,0.7062689538445831,0.7596899224806203
2021-06-18,93.0.4542.2 dev,0.9610625351536535,0.939339707386065,0.9688932913175974,0.7769116511570071,1,91.0a1,0.9828092243186584,0.9846893724377167,0.9040583156332871,0.7422983458774624,0.872093023255814,2.33.2 (r279030),0.960071492653177,0.9040527316686258,0.9413612656066883,0.7062689538445831,0.7596899224806203
2021-06-19,93.0.4542.2 dev,0.9610625351536535,0.939339707386065,0.9688932913175974,0.7769116511570071,1,91.0a1,0.9828092243186584,0.9846893724377167,0.9040583156332871,0.7422983458774624,0.872093023255814,2.33.2 (r279030),0.9537821844770764,0.9040527316686258,0.9413612656066883,0.7062689538445831,0.7596899224806203
2021-06-21,93.0.4542.2 dev,0.9610625351536535,0.939339707386065,0.9688932913175974,0.7783666776120337,1,91.0a1,0.9828092243186584,0.9846893724377167,0.9029496681831762,0.744943848522965,0.872093023255814,2.33.2 (r279030),0.9537821844770764,0.9040527316686258,0.9402526181565775,0.7070626046382341,0.7596899224806203
2021-06-22,93.0.4549.3 dev,0.9610625351536535,0.939339707386065,0.9698435605605495,0.7783666776120337,1,91.0a1,0.9828092243186584,0.9846893724377167,0.9040583156332871,0.744943848522965,0.872093023255814,2.33.2 (r279030),0.9537821844770764,0.9040527316686258,0.9413612656066883,0.7070626046382341,0.7596899224806203
2021-06-23,93.0.4549.3 dev,0.9610625351536535,0.939339707386065,0.9698435605605495,0.7783666776120337,1,91.0a1,0.9828092243186584,0.9846893724377167,0.8985150783827328,0.744943848522965,0.872093023255814,2.33.2 (r279030),0.960071492653177,0.9040527316686258,0.9413612656066883,0.7070626046382341,0.7596899224806203
2021-06-24,93.0.4549.3 dev,0.9610625351536535,0.939260867903252,0.9698435605605495,0.7783666776120337,1,91.0a1,0.9828092243186584,0.9846105329549039,0.8985150783827328,0.744943848522965,0.872093023255814,2.33.2 (r279030),0.9537821844770764,0.9039738921858127,0.9413612656066883,0.7070626046382341,0.7596899224806203
2021-06-25,93.0.4549.3 dev,0.9610625351536535,0.939260867903252,0.9720608554607714,0.7783666776120337,1,91.0a1,0.9828092243186584,0.9846105329549039,0.9018410207330654,0.744943848522965,0.872093023255814,2.33.2 (r279030),0.9537821844770764,0.9039738921858127,0.9413612656066883,0.7070626046382341,0.7596899224806203
2021-06-26,93.0.4549.3 dev,0.9610625351536535,0.939260867903252,0.9720608554607714,0.7783666776120337,1,91.0a1,0.9828092243186584,0.9846105329549039,0.9018410207330654,0.744943848522965,0.872093023255814,2.33.2 (r279030),0.960071492653177,0.9039738921858127,0.9413612656066883,0.7070626046382341,0.7596899224806203
2021-06-27,93.0.4549.3 dev,0.9610625351536535,0.939260867903252,0.9720608554607714,0.7783666776120337,1,91.0a1,0.9828092243186584,0.9846105329549039,0.9018410207330654,0.744943848522965,0.872093023255814,2.33.2 (r279030),0.9537821844770764,0.9039738921858127,0.9413612656066883,0.7070626046382341,0.7596899224806203
2021-06-28,93.0.4549.3 dev,0.9610625351536535,0.939260867903252,0.9720608554607714,0.7783666776120337,1,91.0a1,0.9828092243186584,0.9846105329549039,0.9018410207330654,0.744943848522965,0.872093023255814,2.33.2 (r279030),0.9537821844770764,0.9039738921858127,0.9413612656066883,0.7070626046382341,0.7596899224806203
2021-06-29,93.0.4557.4 dev,0.9610625351536535,0.9572625498122187,0.9720608554607714,0.7783666776120337,1,91.0a1,0.9828092243186584,0.9846105329549039,0.9018410207330654,0.744943848522965,0.872093023255814,2.33.2 (r279362),0.9583943438062167,0.9087042611545924,0.9430242367818545,0.7070626046382341,0.7596899224806203
2021-06-30,93.0.4557.4 dev,0.9610625351536535,0.9572625498122187,0.9720608554607714,0.7784548610335504,1,91.0a1,0.9828092243186584,0.9846105329549039,0.9018410207330654,0.744943848522965,0.872093023255814,2.33.2 (r279400),0.9579750565944767,0.9077581873608364,0.9430242367818545,0.7071507880597507,0.7596899224806203
2021-07-01,93.0.4557.4 dev,0.9610625351536535,0.9572625498122187,0.9720608554607714,0.7784548610335504,1,91.0a1,0.9828092243186584,0.9846105329549039,0.9018410207330654,0.744943848522965,0.872093023255814,2.33.2 (r279448),0.9642643647705773,0.9087042611545924,0.9430242367818545,0.7071507880597507,0.7596899224806203
2021-07-02,93.0.4557.4 dev,0.9610625351536535,0.9572625498122187,0.9753867978111039,0.7784548610335504,1,91.0a1,0.9828092243186584,0.9846105329549039,0.897406430932622,0.744943848522965,0.872093023255814,2.33.2 (r279448),0.9583943438062167,0.9077581873608364,0.9441328842319654,0.7071507880597507,0.7596899224806203
2021-07-03,93.0.4557.4 dev,0.9610625351536535,0.9572625498122187,0.9753867978111039,0.7784548610335504,1,91.0a1,0.9828092243186584,0.9846105329549039,0.8985150783827328,0.744943848522965,0.872093023255814,2.33.2 (r279530),0.9579750565944767,0.9077581873608364,0.9430242367818545,0.7071507880597507,0.7596899224806203
2021-07-05,93.0.4557.4 dev,0.9610625351536535,0.9572625498122187,0.9753867978111039,0.7784548610335504,1,91.0a1,0.9828092243186584,0.9846105329549039,0.897406430932622,0.7488176202538795,0.872093023255814,2.33.2 (r279569),0.9642643647705773,0.9087042611545924,0.9441328842319654,0.7071507880597507,0.7596899224806203
2021-07-06,93.0.4557.4 dev,0.9610625351536535,0.9572625498122187,0.9753867978111039,0.778360378796211,1,91.0a1,0.9828092243186584,0.9846105329549039,0.897406430932622,0.748912102491219,0.872093023255814,2.33.2 (r279569),0.9583943438062167,0.9077581873608364,0.9441328842319654,0.7071507880597507,0.7596899224806203
2021-07-08,93.0.4557.4 dev,0.9610625351536535,0.9572625498122187,0.9753867978111039,0.778360378796211,1,91.0a1,0.9828092243186584,0.9846105329549039,0.8985150783827328,0.748912102491219,0.872093023255814,2.33.2 (r279709),0.9579750565944767,0.9068121135670805,0.9441328842319654,0.7071507880597507,0.7596899224806203
2021-07-09,93.0.4557.4 dev,0.9610625351536535,0.9572625498122187,0.9753867978111039,0.778360378796211,1,91.0a1,0.9828092243186584,0.9846105329549039,0.8985150783827328,0.748912102491219,0.872093023255814,2.33.2 (r279772),0.9583943438062167,0.9068121135670805,0.9441328842319654,0.7071507880597507,0.7596899224806203
2021-07-12,93.0.4557.4 dev,0.9610625351536535,0.965484381591288,0.9753867978111039,0.778360378796211,1,91.0a1,0.9828092243186584,0.9846105329549039,0.897406430932622,0.748912102491219,0.872093023255814,2.33.2 (r279772),0.9579750565944767,0.9129953815762709,0.9441328842319654,0.7071507880597507,0.7596899224806203
2021-07-21,93.0.4577.8 dev,0.9610625351536535,0.965484381591288,0.9753867978111039,0.7860764281789272,1,92.0a1,0.9828092243186584,0.9846105329549039,0.897406430932622,0.748912102491219,0.872093023255814,2.33.2 (r280124),0.9579750565944767,0.9158336029575387,0.9590996248084621,0.7071507880597507,0.7596899224806203
2021-07-22,93.0.4577.8 dev,0.9610625351536535,0.965484381591288,0.9753867978111039,0.7860764281789272,1,92.0a1,0.9828092243186584,0.9846105329549039,0.897406430932622,0.748912102491219,0.872093023255814,2.33.2 (r280170),0.9642643647705773,0.9158336029575387,0.9590996248084621,0.7071507880597507,0.7596899224806203
2021-07-23,93.0.4577.8 dev,0.9610625351536535,0.965484381591288,0.9753867978111039,0.7860764281789272,1,92.0a1,0.9828092243186584,0.9846105329549039,0.897406430932622,0.748912102491219,0.872093023255814,2.33.2 (r280170),0.9583943438062167,0.9158336029575387,0.9590996248084621,0.7071507880597507,0.7596899224806203
2021-07-24,93.0.4577.8 dev,0.9610625351536535,0.965484381591288,0.9753867978111039,0.7860764281789272,1,92.0a1,0.9828092243186584,0.9846105329549039,0.8985150783827328,0.748912102491219,0.872093023255814,2.33.2 (r280282),0.9646836519823173,0.9158336029575387,0.9590996248084621,0.7071507880597507,0.7596899224806203
2021-07-26,93.0.4577.8 dev,0.9610625351536535,0.965484381591288,0.9753867978111039,0.7860764281789272,1,92.0a1,0.9828092243186584,0.9846105329549039,0.897406430932622,0.748912102491219,0.872093023255814,2.33.2 (r280289),0.9583943438062167,0.9158336029575387,0.9590996248084621,0.7071507880597507,0.7596899224806203
2021-07-27,93.0.4577.15 dev,0.9610625351536535,0.965484381591288,0.9753867978111039,0.7860764281789272,1,92.0a1,0.9828092243186584,0.9846105329549039,0.897406430932622,0.748912102491219,0.872093023255814,2.33.2 (r280337),0.9642643647705773,0.9158336029575387,0.9590996248084621,0.7071507880597507,0.7596899224806203
2021-07-28,93.0.4577.15 dev,0.9610625351536535,0.965484381591288,0.9753867978111039,0.7860764281789272,1,92.0a1,0.9828092243186584,0.9846105329549039,0.897406430932622,0.748912102491219,0.872093023255814,2.33.2 (r280375),0.9579750565944767,0.9158336029575387,0.9590996248084621,0.7071507880597507,0.7596899224806203
2021-07-29,93.0.4577.18 dev,0.9610625351536535,0.965484381591288,0.9753867978111039,0.7860764281789272,1,92.0a1,0.9828092243186584,0.9846105329549039,0.897406430932622,0.748912102491219,0.872093023255814,2.33.2 (r280416),0.9642643647705773,0.9158336029575387,0.9590996248084621,0.7071507880597507,0.7596899224806203
2021-07-30,93.0.4577.18 dev,0.9610625351536535,0.965484381591288,0.9753867978111039,0.7860764281789272,1,92.0a1,0.9828092243186584,0.9846105329549039,0.8985150783827328,0.748912102491219,0.872093023255814,2.33.2 (r280416),0.9579750565944767,0.9158336029575387,0.9590996248084621,0.7071507880597507,0.7596899224806203
2021-07-31,93.0.4577.18 dev,0.9610625351536535,0.965484381591288,0.9753867978111039,0.7860764281789272,1,92.0a1,0.9828092243186584,0.9846105329549039,0.8985150783827328,0.748912102491219,0.872093023255814,2.33.2 (r280508),0.9579750565944767,0.9158336029575387,0.9579909773583513,0.7071507880597507,0.7596899224806203
2021-08-01,93.0.4577.18 dev,0.9610625351536535,0.965484381591288,0.9753867978111039,0.7860764281789272,1,92.0a1,0.9828092243186584,0.9846105329549039,0.8985150783827328,0.748912102491219,0.872093023255814,2.33.2 (r280508),0.9583943438062167,0.9158336029575387,0.9590996248084621,0.7071507880597507,0.7596899224806203
2021-08-02,93.0.4577.18 dev,0.9610625351536535,0.965484381591288,0.9753867978111039,0.7860764281789272,1,92.0a1,0.9828092243186584,0.9846105329549039,0.8985150783827328,0.748912102491219,0.872093023255814,2.33.2 (r280508),0.9579750565944767,0.9158336029575387,0.9590996248084621,0.7071507880597507,0.7596899224806203
2021-08-03,94.0.4595.0 dev,0.9610625351536535,0.965484381591288,0.9753867978111039,0.7860764281789272,1,92.0a1,0.9828092243186584,0.9846105329549039,0.897406430932622,0.748912102491219,0.872093023255814,2.33.2 (r280584),0.9642643647705773,0.9158336029575387,0.9590996248084621,0.7071507880597507,0.7596899224806203
2021-08-04,94.0.4595.0 dev,0.9610625351536535,0.965484381591288,0.9753867978111039,0.7860764281789272,1,92.0a1,0.9828092243186584,0.9846105329549039,0.8985150783827328,0.748912102491219,0.872093023255814,2.33.2 (r280584),0.9579750565944767,0.9158336029575387,0.9590996248084621,0.7071507880597507,0.7596899224806203
2021-08-05,94.0.4595.0 dev,0.9610625351536535,0.965484381591288,0.9753867978111039,0.7860764281789272,1,92.0a1,0.9828092243186584,0.9846105329549039,0.8985150783827328,0.748912102491219,0.872093023255814,2.33.2 (r280680),0.9583943438062167,0.9158336029575387,0.9590996248084621,0.7071507880597507,0.7596899224806203
2021-08-06,94.0.4595.0 dev,0.9610625351536535,0.965484381591288,0.9753867978111039,0.7860764281789272,1,92.0a1,0.9828092243186584,0.9846105329549039,0.8985150783827328,0.748912102491219,0.872093023255814,2.33.2 (r280719),0.9583943438062167,0.9158336029575387,0.9590996248084621,0.7071507880597507,0.7596899224806203
2021-08-07,94.0.4595.0 dev,0.9610625351536535,0.965484381591288,0.9753867978111039,0.7860764281789272,1,92.0a1,0.9828092243186584,0.9846105329549039,0.8985150783827328,0.748912102491219,0.872093023255814,2.33.2 (r280719),0.9646836519823173,0.9158336029575387,0.9590996248084621,0.7071507880597507,0.7596899224806203
2021-08-09,94.0.4595.0 dev,0.9610625351536535,0.9644200485733126,0.9753867978111039,0.7860764281789272,1,92.0a1,0.9828092243186584,0.9843083149374539,0.8985150783827328,0.748912102491219,0.872093023255814,2.33.2 (r280764),0.9579750565944767,0.9147298501981568,0.9590996248084621,0.7071507880597507,0.7596899224806203
2021-08-10,94.0.4595.0 dev,0.9610625351536535,0.9644200485733126,0.9753867978111039,0.7860764281789272,1,93.0a1,0.9828092243186584,0.9843083149374539,0.8985150783827328,0.748912102491219,0.872093023255814,2.33.2 (r280824),0.9579750565944767,0.9147298501981568,0.9590996248084621,0.7071507880597507,0.7596899224806203
2021-08-11,94.0.4603.0 dev,0.9736411515058547,0.97120024409523,0.9753867978111039,0.7860764281789272,1,93.0a1,0.9828092243186584,0.9852543887312099,0.8985150783827328,0.748912102491219,0.872093023255814,2.33.2 (r280824),0.9583943438062167,0.9147298501981568,0.9590996248084621,0.7071507880597507,0.7596899224806203
2021-08-12,94.0.4603.0 dev,0.9736411515058547,0.97120024409523,0.9753867978111039,0.7860764281789272,1,93.0a1,0.9828092243186584,0.9852543887312099,0.8985150783827328,0.748912102491219,0.872093023255814,2.33.2 (r280957),0.9579750565944767,0.9147298501981568,0.9590996248084621,0.7071507880597507,0.7596899224806203
2021-08-13,94.0.4603.0 dev,0.9736411515058547,0.97120024409523,0.9753867978111039,0.7860764281789272,1,93.0a1,0.9828092243186584,0.9852543887312099,0.8985150783827328,0.7555258591049756,0.872093023255814,2.33.2 (r281007),0.9579750565944767,0.9147298501981568,0.9590996248084621,0.7071507880597507,0.7596899224806203
2021-08-17,94.0.4603.0 dev,0.9736411515058547,0.97120024409523,0.9753867978111039,0.7860764281789272,1,93.0a1,0.9828092243186584,0.9852543887312099,0.8985150783827328,0.7555258591049756,0.872093023255814,2.33.3 (r281127),0.9646836519823173,0.9147298501981568,0.9590996248084621,0.7071507880597507,0.7596899224806203
2021-08-18,94.0.4603.0 dev,0.9736411515058547,0.97120024409523,0.9753867978111039,0.7860764281789272,1,93.0a1,0.9828092243186584,0.9852543887312099,0.8985150783827328,0.7555258591049756,0.872093023255814,2.33.3 (r281127),0.9579750565944767,0.9147298501981568,0.9590996248084621,0.7071507880597507,0.7596899224806203
2021-08-20,94.0.4606.12 dev,0.9736411515058547,0.97120024409523,0.9753867978111039,0.7860764281789272,1,93.0a1,0.9828092243186584,0.9852543887312099,0.8985150783827328,0.7555258591049756,0.872093023255814,2.33.3 (r281294),0.9579750565944767,0.9147298501981568,0.9590996248084621,0.7071507880597507,0.8527131782945736
2021-08-21,94.0.4606.12 dev,0.9736411515058547,0.97120024409523,0.9753867978111039,0.7860764281789272,1,93.0a1,0.9828092243186584,0.9852543887312099,0.8985150783827328,0.7555258591049756,0.872093023255814,2.33.3 (r281362),0.9579750565944767,0.9147298501981568,0.9590996248084621,0.7071507880597507,0.8527131782945736
2021-08-23,94.0.4606.12 dev,0.9737217836619585,0.97120024409523,0.9753867978111039,0.7888040508998743,1,93.0a1,0.9828092243186584,0.9852543887312099,0.8985150783827328,0.7581713617504782,0.872093023255814,2.33.3 (r281433),0.9586362402745283,0.9147298501981568,0.9590996248084621,0.708470873033858,0.8527131782945736
2021-08-24,94.0.4606.12 dev,0.9737217836619585,0.97120024409523,0.9753867978111039,0.7887132891563805,1,93.0a1,0.9828092243186584,0.9852543887312099,0.8985150783827328,0.7581713617504782,0.872093023255814,2.33.3 (r281486),0.9586362402745283,0.9147298501981568,0.9590996248084621,0.7084071406111946,0.8604651162790697
2021-08-25,94.0.4606.20 dev,0.9737217836619585,0.97120024409523,0.9753867978111039,0.7887132891563805,1,93.0a1,0.9828092243186584,0.9852543887312099,0.8985150783827328,0.7581713617504782,0.872093023255814,2.33.3 (r281486),0.964925548450629,0.9147298501981568,0.9590996248084621,0.7084071406111946,0.8604651162790697
2021-08-26,95.0.4621.4 dev,0.9746893695352048,0.97120024409523,0.9753867978111039,0.7900360404791318,1,93.0a1,0.9828092243186584,0.9852543887312099,0.8985150783827328,0.7594941130732296,0.872093023255814,2.33.3 (r281613),0.9582169530627883,0.9147298501981568,0.9590996248084621,0.7206646362020235,0.9302325581395349
2021-08-27,95.0.4621.4 dev,0.9746893695352048,0.97120024409523,0.9753867978111039,0.7900360404791318,1,93.0a1,0.9828092243186584,0.9862004625249657,0.8985150783827328,0.7594941130732296,0.872093023255814,2.33.3 (r281685),0.9582169530627883,0.9147298501981568,0.9574366536332958,0.7206646362020235,0.9302325581395349
2021-08-28,95.0.4621.4 dev,0.9746893695352048,0.97120024409523,0.9753867978111039,0.7900360404791318,1,93.0a1,0.9828092243186584,0.9862004625249657,0.8985150783827328,0.7594941130732296,0.872093023255814,2.33.3 (r281731),0.9586362402745283,0.9147298501981568,0.9574366536332958,0.7206646362020235,0.9302325581395349
2021-08-30,95.0.4621.4 dev,0.9746893695352048,0.97120024409523,0.9753867978111039,0.7900360404791318,1,93.0a1,0.9828092243186584,0.9862004625249657,0.8985150783827328,0.7594941130732296,0.872093023255814,2.33.3 (r281737),0.9582169530627883,0.9147298501981568,0.9574366536332958,0.7206646362020235,0.9302325581395349
2021-08-31,95.0.4621.4 dev,0.9746893695352048,0.97120024409523,0.9753867978111039,0.7900360404791318,1,93.0a1,0.9828092243186584,0.9862004625249657,0.8985150783827328,0.7594941130732296,0.872093023255814,2.33.3 (r281791),0.9582169530627883,0.9147298501981568,0.9574366536332958,0.7206646362020235,0.9302325581395349
2021-09-01,95.0.4621.4 dev,0.9746893695352048,0.97120024409523,0.9753867978111039,0.7900360404791318,1,93.0a1,0.9828092243186584,0.9862004625249657,0.8985150783827328,0.7594941130732296,0.872093023255814,2.33.3 (r281791),0.9582169530627883,0.9147298501981568,0.9574366536332958,0.7206646362020235,0.9302325581395349
2021-09-03,95.0.4628.3 dev,0.9746893695352048,0.97120024409523,0.9753867978111039,0.7901242239006484,1,93.0a1,0.9828092243186584,0.9862004625249657,0.8985150783827328,0.7594941130732296,0.872093023255814,2.33.3 (r281978),0.9582169530627883,0.9190810387972167,0.9574366536332958,0.7206646362020235,0.9302325581395349
2021-09-05,95.0.4628.3 dev,0.9746893695352048,0.97120024409523,0.9753867978111039,0.7901242239006484,1,93.0a1,0.9828092243186584,0.9862004625249657,0.8985150783827328,0.7594941130732296,0.872093023255814,2.33.3 (r282044),0.9582169530627883,0.9198919591918646,0.9574366536332958,0.7206646362020235,0.9302325581395349
2021-09-06,95.0.4628.3 dev,0.9746893695352048,0.97120024409523,0.9753867978111039,0.7901242239006484,1,93.0a1,0.9828092243186584,0.9862004625249657,0.8985150783827328,0.7594941130732296,0.872093023255814,2.33.3 (r282052),0.9582169530627883,0.9198919591918646,0.9574366536332958,0.7206646362020235,0.9302325581395349
2021-09-07,95.0.4628.3 dev,0.9746893695352048,0.97120024409523,0.9753867978111039,0.7901242239006484,1,94.0a1,0.9828092243186584,0.9862004625249657,0.8985150783827328,0.7594941130732296,0.872093023255814,2.33.3 (r282072),0.964925548450629,0.9198919591918646,0.9574366536332958,0.7206646362020235,0.9302325581395349
2021-09-08,95.0.4628.3 dev,0.9746893695352048,0.97120024409523,0.9753867978111039,0.7901242239006484,1,94.0a1,0.9828092243186584,0.9862004625249657,0.8985150783827328,0.7594941130732296,0.872093023255814,2.33.3 (r282128),0.9586362402745283,0.9308506473028707,0.9574366536332958,0.7206646362020235,0.9302325581395349
2021-09-09,95.0.4636.4 dev,0.9746893695352048,0.97120024409523,0.9753867978111039,0.7901242239006484,1,94.0a1,0.9828092243186584,0.9862004625249657,0.8985150783827328,0.7594941130732296,0.872093023255814,2.33.3 (r282191),0.9582169530627883,0.9308506473028707,0.9574366536332958,0.7229435226272514,0.9534883720930233
2021-09-10,95.0.4636.4 dev,0.9746893695352048,0.97120024409523,0.9753867978111039,0.7901242239006484,1,94.0a1,0.9828092243186584,0.9862004625249657,0.8985150783827328,0.7594941130732296,0.872093023255814,2.33.3 (r282258),0.9582169530627883,0.9308506473028707,0.9574366536332958,0.7229435226272514,0.9534883720930233
2021-09-11,95.0.4636.4 dev,0.9746893695352048,0.97120024409523,0.9753867978111039,0.7901242239006484,1,94.0a1,0.9828092243186584,0.9862004625249657,0.8985150783827328,0.7594941130732296,0.872093023255814,2.33.3 (r282306),0.964925548450629,0.9346912563941893,0.9574366536332958,0.7229435226272514,0.9534883720930233
2021-10-04,96.0.4655.0 dev,0.9935572940635067,0.9655238013326946,0.9764954452612148,0.9314107679795594,1,94.0a1,0.9828092243186584,0.9817723115736361,0.8986998529577512,0.9170898133903934,0.872093023255814,2.35.0 (r283486),0.9519276448866877,0.9299608874254097,0.9618203845495688,0.7986486194808075,0.9767441860465116
2021-10-05,96.0.4655.0 dev,0.9935572940635067,0.9655238013326946,0.9764954452612148,0.9314107679795594,1,95.0a1,0.9828092243186584,0.9817723115736361,0.8986998529577512,0.9170898133903934,0.872093023255814,2.35.0 (r283536),0.9582169530627883,0.9299608874254097,0.9607117370994579,0.7986486194808075,0.9767441860465116
2021-10-06,96.0.4655.0 dev,0.9935572940635067,0.9655238013326946,0.9764954452612148,0.9314107679795594,1,95.0a1,0.9828092243186584,0.9817723115736361,0.8986998529577512,0.9170898133903934,0.872093023255814,2.35.0 (r283599),0.9582169530627883,0.9299608874254097,0.9618203845495688,0.7986486194808075,0.9767441860465116
2021-10-07,96.0.4655.0 dev,0.9935572940635067,0.9655238013326946,0.9764954452612148,0.9314107679795594,1,95.0a1,0.9828092243186584,0.9817723115736361,0.8986998529577512,0.9170898133903934,0.872093023255814,2.35.0 (r283700),0.9586362402745283,0.9299608874254097,0.9618203845495688,0.7986486194808075,0.9767441860465116
2021-10-08,96.0.4662.6 dev,0.9935572940635067,0.9655238013326946,0.9773031741177243,0.9315831406677806,1,95.0a1,0.9828092243186584,0.9817723115736361,0.8986998529577512,0.9174175988255552,0.872093023255814,2.35.0 (r283792),0.9519276448866877,0.9299608874254097,0.9618203845495688,0.7986486194808075,0.9767441860465116
2021-10-09,96.0.4662.6 dev,0.9935572940635067,0.9655238013326946,0.9773031741177243,0.9315831406677806,1,95.0a1,0.9828092243186584,0.9817723115736361,0.8986998529577512,0.9174175988255552,0.872093023255814,2.35.0 (r283862),0.9523469320984277,0.9299608874254097,0.9618203845495688,0.7986486194808075,0.9767441860465116
2021-10-11,96.0.4662.6 dev,0.9935572940635067,0.9655238013326946,0.9773031741177243,0.9315831406677806,1,95.0a1,0.9828092243186584,0.9817723115736361,0.8986998529577512,0.9174175988255552,0.872093023255814,2.35.0 (r283882),0.9523469320984277,0.9299608874254097,0.9618203845495688,0.7986486194808075,0.9767441860465116
2021-10-13,96.0.4662.6 dev,0.9935572940635067,0.9635370463658071,0.9773031741177243,0.9315831406677806,1,95.0a1,0.9828092243186584,0.9778934090192367,0.8986998529577512,0.9174175988255552,0.872093023255814,2.35.0 (r284077),0.9519276448866877,0.9279741324585222,0.9618203845495688,0.7986486194808075,0.9767441860465116
2021-10-15,96.0.4664.9 dev,0.9935572940635067,0.9635370463658071,0.9773031741177243,0.9716939998262589,1,95.0a1,0.9828092243186584,0.9797855566067486,0.8986998529577512,0.9659814688179965,0.872093023255814,2.35.0 (r284146),0.9586362402745283,0.9279741324585222,0.9618203845495688,0.8118761327083207,0.9767441860465116
2021-10-16,96.0.4664.9 dev,0.9935572940635067,0.9635370463658071,0.9773031741177243,0.9717278751650122,1,95.0a1,0.9828092243186584,0.9788394828129926,0.8986998529577512,0.9660476063841341,0.872093023255814,2.35.0 (r284305),0.9519276448866877,0.9279741324585222,0.9629290319996796,0.8119422702744582,0.9767441860465116
2021-10-18,96.0.4664.9 dev,0.9935572940635067,0.9635370463658071,0.9773031741177243,0.9717278751650122,1,95.0a1,0.9828092243186584,0.9797855566067486,0.8986998529577512,0.9660476063841341,0.872093023255814,2.35.0 (r284346),0.9519276448866877,0.9279741324585222,0.9629290319996796,0.8119422702744582,0.9767441860465116
2021-10-19,96.0.4664.9 dev,0.9935572940635067,0.9635370463658071,0.9773031741177243,0.9717278751650122,1,95.0a1,0.9828092243186584,0.9797855566067486,0.8986998529577512,0.9660476063841341,0.872093023255814,2.35.0 (r284346),0.9582169530627883,0.9279741324585222,0.9629290319996796,0.8119422702744582,0.9767441860465116
2021-10-20,96.0.4664.18 dev,0.9935572940635067,0.9635370463658071,0.9773031741177243,0.9717278751650122,1,95.0a1,0.9828092243186584,0.9797855566067486,0.8986998529577512,0.9660476063841341,0.872093023255814,2.35.0 (r284517),0.964925548450629,0.9367910146197753,0.9629290319996796,0.8119422702744582,0.9767441860465116
2021-10-21,97.0.4676.0 dev,0.9935572940635067,0.9664698751264504,0.9773031741177243,0.9718915343915344,1,95.0a1,0.9828092243186584,0.9797855566067486,0.8986998529577512,0.9660876897575509,0.872093023255814,2.35.0 (r284588),0.964925548450629,0.9367910146197753,0.9629290319996796,0.8119422702744582,0.9767441860465116
2021-10-22,97.0.4676.0 dev,0.9935572940635067,0.9664698751264504,0.9773031741177243,0.9718915343915344,1,95.0a1,0.9828092243186584,0.9797855566067486,0.8986998529577512,0.9660876897575509,0.872093023255814,2.35.0 (r284666),0.9645062612388889,0.9367910146197753,0.9629290319996796,0.8119422702744582,0.9767441860465116
2021-10-23,97.0.4676.0 dev,0.9935572940635067,0.9664698751264504,0.9773031741177243,0.9718915343915344,1,95.0a1,0.9828092243186584,0.9797855566067486,0.8986998529577512,0.9660876897575509,0.872093023255814,2.35.0 (r284666),0.9645062612388889,0.9367910146197753,0.9629290319996796,0.8119422702744582,0.9767441860465116
2021-10-24,97.0.4676.0 dev,0.9935572940635067,0.9664698751264504,0.9773031741177243,0.9718915343915344,1,95.0a1,0.9828092243186584,0.9797855566067486,0.8986998529577512,0.9660876897575509,0.872093023255814,2.35.0 (r284666),0.9707955694149896,0.9367910146197753,0.9629290319996796,0.8119422702744582,0.9767441860465116
2021-10-25,97.0.4676.0 dev,0.9935572940635067,0.9664698751264504,0.9773031741177243,0.9718915343915344,1,95.0a1,0.9828092243186584,0.9797855566067486,0.8986998529577512,0.9660876897575509,0.872093023255814,2.35.0 (r284771),0.964925548450629,0.9367910146197753,0.9629290319996796,0.8119422702744582,0.9767441860465116
2021-10-26,97.0.4676.0 dev,0.9935572940635067,0.9664698751264504,0.9773031741177243,0.9718915343915344,1,95.0a1,0.9828092243186584,0.9797855566067486,0.8986998529577512,0.9660876897575509,0.872093023255814,2.35.0 (r284855),0.9645062612388889,0.9367910146197753,0.964592003174846,0.8555930639252518,0.9767441860465116
